Ontology,Input,Operazione,Esito,Costrutto,Messaggio
00022.owl,MIS_128,parse,FAIL,Identifier,"Problem parsing inputstream:ontology15931275138460 Could not parse ontology.  Either a suitable parser could not be found, or parsing failed.  See parser logs below for explanation. The following parsers were tried: 1) it.poliba.sisinflab.protocowl.ProtocOWLParser@7b64240d   Detailed logs: -------------------------------------------------------------------------------- Parser: it.poliba.sisinflab.protocowl.ProtocOWLParser@7b64240d     Stack trace: Identifier index out of bounds: 111        it.poliba.sisinflab.protocowl.Parser.getIdentifier(Parser.java:675)         it.poliba.sisinflab.protocowl.Parser.parseIndividual(Parser.java:605)         it.poliba.sisinflab.protocowl.Parser.parseClassExpression(Parser.java:528)         it.poliba.sisinflab.protocowl.Parser.parseClassAssertion(Parser.java:462)         it.poliba.sisinflab.protocowl.Parser.parseFrame(Parser.java:182)         it.poliba.sisinflab.protocowl.Parser.parse(Parser.java:45)         it.poliba.sisinflab.protocowl.ProtocOWLParser.parse(ProtocOWLParser.java:37)         uk.ac.manchester.cs.owl.owlapi.OWLOntologyFactoryImpl.loadOWLOntology(OWLOntologyFactoryImpl.java:195)         uk.ac.manchester.cs.owl.owlapi.OWLOntologyManagerImpl.load(OWLOntologyManagerImpl.java:1105)         uk.ac.manchester.cs.owl.owlapi.OWLOntologyManagerImpl.loadOntology(OWLOntologyManagerImpl.java:1055)"
00022.owl,functional,render,OK,,
00022.owl,std,parse,FAIL,Identifier,"Problem parsing inputstream:ontology15931275138459 Could not parse ontology.  Either a suitable parser could not be found, or parsing failed.  See parser logs below for explanation. The following parsers were tried: 1) it.poliba.sisinflab.protocowl.ProtocOWLParser@53f48368   Detailed logs: -------------------------------------------------------------------------------- Parser: it.poliba.sisinflab.protocowl.ProtocOWLParser@53f48368     Stack trace: Identifier index out of bounds: 111        it.poliba.sisinflab.protocowl.Parser.getIdentifier(Parser.java:675)         it.poliba.sisinflab.protocowl.Parser.parseIndividual(Parser.java:605)         it.poliba.sisinflab.protocowl.Parser.parseClassExpression(Parser.java:528)         it.poliba.sisinflab.protocowl.Parser.parseClassAssertion(Parser.java:462)         it.poliba.sisinflab.protocowl.Parser.parseFrame(Parser.java:182)         it.poliba.sisinflab.protocowl.Parser.parse(Parser.java:45)         it.poliba.sisinflab.protocowl.ProtocOWLParser.parse(ProtocOWLParser.java:37)         uk.ac.manchester.cs.owl.owlapi.OWLOntologyFactoryImpl.loadOWLOntology(OWLOntologyFactoryImpl.java:195)         uk.ac.manchester.cs.owl.owlapi.OWLOntologyManagerImpl.load(OWLOntologyManagerImpl.java:1105)         uk.ac.manchester.cs.owl.owlapi.OWLOntologyManagerImpl.loadOntology(OWLOntologyManagerImpl.java:1055)"
00141.owl,MIS_128,parse,FAIL,Identifier,"Problem parsing inputstream:ontology15931275138463 Could not parse ontology.  Either a suitable parser could not be found, or parsing failed.  See parser logs below for explanation. The following parsers were tried: 1) it.poliba.sisinflab.protocowl.ProtocOWLParser@106faf11   Detailed logs: -------------------------------------------------------------------------------- Parser: it.poliba.sisinflab.protocowl.ProtocOWLParser@106faf11     Stack trace: Identifier index out of bounds: 111        it.poliba.sisinflab.protocowl.Parser.getIdentifier(Parser.java:675)         it.poliba.sisinflab.protocowl.Parser.parseIndividual(Parser.java:605)         it.poliba.sisinflab.protocowl.Parser.parseClassExpression(Parser.java:528)         it.poliba.sisinflab.protocowl.Parser.parseClassAssertion(Parser.java:462)         it.poliba.sisinflab.protocowl.Parser.parseFrame(Parser.java:182)         it.poliba.sisinflab.protocowl.Parser.parse(Parser.java:45)         it.poliba.sisinflab.protocowl.ProtocOWLParser.parse(ProtocOWLParser.java:37)         uk.ac.manchester.cs.owl.owlapi.OWLOntologyFactoryImpl.loadOWLOntology(OWLOntologyFactoryImpl.java:195)         uk.ac.manchester.cs.owl.owlapi.OWLOntologyManagerImpl.load(OWLOntologyManagerImpl.java:1105)         uk.ac.manchester.cs.owl.owlapi.OWLOntologyManagerImpl.loadOntology(OWLOntologyManagerImpl.java:1055)"
00141.owl,functional,render,OK,,
00141.owl,std,parse,FAIL,Identifier,"Problem parsing inputstream:ontology15931275138462 Could not parse ontology.  Either a suitable parser could not be found, or parsing failed.  See parser logs below for explanation. The following parsers were tried: 1) it.poliba.sisinflab.protocowl.ProtocOWLParser@54e7391d   Detailed logs: -------------------------------------------------------------------------------- Parser: it.poliba.sisinflab.protocowl.ProtocOWLParser@54e7391d     Stack trace: Identifier index out of bounds: 111        it.poliba.sisinflab.protocowl.Parser.getIdentifier(Parser.java:675)         it.poliba.sisinflab.protocowl.Parser.parseIndividual(Parser.java:605)         it.poliba.sisinflab.protocowl.Parser.parseClassExpression(Parser.java:528)         it.poliba.sisinflab.protocowl.Parser.parseClassAssertion(Parser.java:462)         it.poliba.sisinflab.protocowl.Parser.parseFrame(Parser.java:182)         it.poliba.sisinflab.protocowl.Parser.parse(Parser.java:45)         it.poliba.sisinflab.protocowl.ProtocOWLParser.parse(ProtocOWLParser.java:37)         uk.ac.manchester.cs.owl.owlapi.OWLOntologyFactoryImpl.loadOWLOntology(OWLOntologyFactoryImpl.java:195)         uk.ac.manchester.cs.owl.owlapi.OWLOntologyManagerImpl.load(OWLOntologyManagerImpl.java:1105)         uk.ac.manchester.cs.owl.owlapi.OWLOntologyManagerImpl.loadOntology(OWLOntologyManagerImpl.java:1055)"
00280.owl,MIS_128,parse,FAIL,Identifier,"Problem parsing inputstream:ontology15931275138466 Could not parse ontology.  Either a suitable parser could not be found, or parsing failed.  See parser logs below for explanation. The following parsers were tried: 1) it.poliba.sisinflab.protocowl.ProtocOWLParser@111610e6   Detailed logs: -------------------------------------------------------------------------------- Parser: it.poliba.sisinflab.protocowl.ProtocOWLParser@111610e6     Stack trace: Identifier index out of bounds: 15        it.poliba.sisinflab.protocowl.Parser.getIdentifier(Parser.java:675)         it.poliba.sisinflab.protocowl.Parser.parseObjectPropertyExpression(Parser.java:586)         it.poliba.sisinflab.protocowl.Parser.parseClassExpression(Parser.java:535)         it.poliba.sisinflab.protocowl.Parser.parseClassAssertion(Parser.java:462)         it.poliba.sisinflab.protocowl.Parser.parseFrame(Parser.java:182)         it.poliba.sisinflab.protocowl.Parser.parse(Parser.java:45)         it.poliba.sisinflab.protocowl.ProtocOWLParser.parse(ProtocOWLParser.java:37)         uk.ac.manchester.cs.owl.owlapi.OWLOntologyFactoryImpl.loadOWLOntology(OWLOntologyFactoryImpl.java:195)         uk.ac.manchester.cs.owl.owlapi.OWLOntologyManagerImpl.load(OWLOntologyManagerImpl.java:1105)         uk.ac.manchester.cs.owl.owlapi.OWLOntologyManagerImpl.loadOntology(OWLOntologyManagerImpl.java:1055)"
00280.owl,functional,render,OK,,
00280.owl,std,parse,FAIL,Identifier,"Problem parsing inputstream:ontology15931275138465 Could not parse ontology.  Either a suitable parser could not be found, or parsing failed.  See parser logs below for explanation. The following parsers were tried: 1) it.poliba.sisinflab.protocowl.ProtocOWLParser@1a78dacd   Detailed logs: -------------------------------------------------------------------------------- Parser: it.poliba.sisinflab.protocowl.ProtocOWLParser@1a78dacd     Stack trace: Identifier index out of bounds: 15        it.poliba.sisinflab.protocowl.Parser.getIdentifier(Parser.java:675)         it.poliba.sisinflab.protocowl.Parser.parseObjectPropertyExpression(Parser.java:586)         it.poliba.sisinflab.protocowl.Parser.parseClassExpression(Parser.java:535)         it.poliba.sisinflab.protocowl.Parser.parseClassAssertion(Parser.java:462)         it.poliba.sisinflab.protocowl.Parser.parseFrame(Parser.java:182)         it.poliba.sisinflab.protocowl.Parser.parse(Parser.java:45)         it.poliba.sisinflab.protocowl.ProtocOWLParser.parse(ProtocOWLParser.java:37)         uk.ac.manchester.cs.owl.owlapi.OWLOntologyFactoryImpl.loadOWLOntology(OWLOntologyFactoryImpl.java:195)         uk.ac.manchester.cs.owl.owlapi.OWLOntologyManagerImpl.load(OWLOntologyManagerImpl.java:1105)         uk.ac.manchester.cs.owl.owlapi.OWLOntologyManagerImpl.loadOntology(OWLOntologyManagerImpl.java:1055)"
00384.owl,MIS_128,parse,FAIL,Identifier,"Problem parsing inputstream:ontology15931275138469 Could not parse ontology.  Either a suitable parser could not be found, or parsing failed.  See parser logs below for explanation. The following parsers were tried: 1) it.poliba.sisinflab.protocowl.ProtocOWLParser@16a9a4f1   Detailed logs: -------------------------------------------------------------------------------- Parser: it.poliba.sisinflab.protocowl.ProtocOWLParser@16a9a4f1     Stack trace: Identifier index out of bounds: 15        it.poliba.sisinflab.protocowl.Parser.getIdentifier(Parser.java:675)         it.poliba.sisinflab.protocowl.Parser.parseObjectPropertyExpression(Parser.java:586)         it.poliba.sisinflab.protocowl.Parser.parseClassExpression(Parser.java:543)         it.poliba.sisinflab.protocowl.Parser.parseClassAssertion(Parser.java:462)         it.poliba.sisinflab.protocowl.Parser.parseFrame(Parser.java:182)         it.poliba.sisinflab.protocowl.Parser.parse(Parser.java:45)         it.poliba.sisinflab.protocowl.ProtocOWLParser.parse(ProtocOWLParser.java:37)         uk.ac.manchester.cs.owl.owlapi.OWLOntologyFactoryImpl.loadOWLOntology(OWLOntologyFactoryImpl.java:195)         uk.ac.manchester.cs.owl.owlapi.OWLOntologyManagerImpl.load(OWLOntologyManagerImpl.java:1105)         uk.ac.manchester.cs.owl.owlapi.OWLOntologyManagerImpl.loadOntology(OWLOntologyManagerImpl.java:1055)"
00384.owl,functional,render,OK,,
00384.owl,std,parse,FAIL,Identifier,"Problem parsing inputstream:ontology15931275138468 Could not parse ontology.  Either a suitable parser could not be found, or parsing failed.  See parser logs below for explanation. The following parsers were tried: 1) it.poliba.sisinflab.protocowl.ProtocOWLParser@7aad3f7d   Detailed logs: -------------------------------------------------------------------------------- Parser: it.poliba.sisinflab.protocowl.ProtocOWLParser@7aad3f7d     Stack trace: Identifier index out of bounds: 15        it.poliba.sisinflab.protocowl.Parser.getIdentifier(Parser.java:675)         it.poliba.sisinflab.protocowl.Parser.parseObjectPropertyExpression(Parser.java:586)         it.poliba.sisinflab.protocowl.Parser.parseClassExpression(Parser.java:543)         it.poliba.sisinflab.protocowl.Parser.parseClassAssertion(Parser.java:462)         it.poliba.sisinflab.protocowl.Parser.parseFrame(Parser.java:182)         it.poliba.sisinflab.protocowl.Parser.parse(Parser.java:45)         it.poliba.sisinflab.protocowl.ProtocOWLParser.parse(ProtocOWLParser.java:37)         uk.ac.manchester.cs.owl.owlapi.OWLOntologyFactoryImpl.loadOWLOntology(OWLOntologyFactoryImpl.java:195)         uk.ac.manchester.cs.owl.owlapi.OWLOntologyManagerImpl.load(OWLOntologyManagerImpl.java:1105)         uk.ac.manchester.cs.owl.owlapi.OWLOntologyManagerImpl.loadOntology(OWLOntologyManagerImpl.java:1055)"
00456.owl,MIS_128,parse,FAIL,Identifier,"Problem parsing inputstream:ontology15931275138472 Could not parse ontology.  Either a suitable parser could not be found, or parsing failed.  See parser logs below for explanation. The following parsers were tried: 1) it.poliba.sisinflab.protocowl.ProtocOWLParser@4f3e7344   Detailed logs: -------------------------------------------------------------------------------- Parser: it.poliba.sisinflab.protocowl.ProtocOWLParser@4f3e7344     Stack trace: Identifier index out of bounds: 111        it.poliba.sisinflab.protocowl.Parser.getIdentifier(Parser.java:675)         it.poliba.sisinflab.protocowl.Parser.parseIndividual(Parser.java:605)         it.poliba.sisinflab.protocowl.Parser.parseClassExpression(Parser.java:528)         it.poliba.sisinflab.protocowl.Parser.parseClassAssertion(Parser.java:462)         it.poliba.sisinflab.protocowl.Parser.parseFrame(Parser.java:182)         it.poliba.sisinflab.protocowl.Parser.parse(Parser.java:45)         it.poliba.sisinflab.protocowl.ProtocOWLParser.parse(ProtocOWLParser.java:37)         uk.ac.manchester.cs.owl.owlapi.OWLOntologyFactoryImpl.loadOWLOntology(OWLOntologyFactoryImpl.java:195)         uk.ac.manchester.cs.owl.owlapi.OWLOntologyManagerImpl.load(OWLOntologyManagerImpl.java:1105)         uk.ac.manchester.cs.owl.owlapi.OWLOntologyManagerImpl.loadOntology(OWLOntologyManagerImpl.java:1055)"
00456.owl,functional,render,OK,,
00456.owl,std,parse,FAIL,Identifier,"Problem parsing inputstream:ontology15931275138471 Could not parse ontology.  Either a suitable parser could not be found, or parsing failed.  See parser logs below for explanation. The following parsers were tried: 1) it.poliba.sisinflab.protocowl.ProtocOWLParser@2b5183ec   Detailed logs: -------------------------------------------------------------------------------- Parser: it.poliba.sisinflab.protocowl.ProtocOWLParser@2b5183ec     Stack trace: Identifier index out of bounds: 111        it.poliba.sisinflab.protocowl.Parser.getIdentifier(Parser.java:675)         it.poliba.sisinflab.protocowl.Parser.parseIndividual(Parser.java:605)         it.poliba.sisinflab.protocowl.Parser.parseClassExpression(Parser.java:528)         it.poliba.sisinflab.protocowl.Parser.parseClassAssertion(Parser.java:462)         it.poliba.sisinflab.protocowl.Parser.parseFrame(Parser.java:182)         it.poliba.sisinflab.protocowl.Parser.parse(Parser.java:45)         it.poliba.sisinflab.protocowl.ProtocOWLParser.parse(ProtocOWLParser.java:37)         uk.ac.manchester.cs.owl.owlapi.OWLOntologyFactoryImpl.loadOWLOntology(OWLOntologyFactoryImpl.java:195)         uk.ac.manchester.cs.owl.owlapi.OWLOntologyManagerImpl.load(OWLOntologyManagerImpl.java:1105)         uk.ac.manchester.cs.owl.owlapi.OWLOntologyManagerImpl.loadOntology(OWLOntologyManagerImpl.java:1055)"
00496.owl,MIS_128,parse,FAIL,Identifier,"Problem parsing inputstream:ontology15931275138475 Could not parse ontology.  Either a suitable parser could not be found, or parsing failed.  See parser logs below for explanation. The following parsers were tried: 1) it.poliba.sisinflab.protocowl.ProtocOWLParser@7c011174   Detailed logs: -------------------------------------------------------------------------------- Parser: it.poliba.sisinflab.protocowl.ProtocOWLParser@7c011174     Stack trace: Identifier index out of bounds: 110        it.poliba.sisinflab.protocowl.Parser.getIdentifier(Parser.java:675)         it.poliba.sisinflab.protocowl.Parser.parseObjectPropertyExpression(Parser.java:586)         it.poliba.sisinflab.protocowl.Parser.parseClassExpression(Parser.java:561)         it.poliba.sisinflab.protocowl.Parser.parseClassAssertion(Parser.java:462)         it.poliba.sisinflab.protocowl.Parser.parseFrame(Parser.java:182)         it.poliba.sisinflab.protocowl.Parser.parse(Parser.java:45)         it.poliba.sisinflab.protocowl.ProtocOWLParser.parse(ProtocOWLParser.java:37)         uk.ac.manchester.cs.owl.owlapi.OWLOntologyFactoryImpl.loadOWLOntology(OWLOntologyFactoryImpl.java:195)         uk.ac.manchester.cs.owl.owlapi.OWLOntologyManagerImpl.load(OWLOntologyManagerImpl.java:1105)         uk.ac.manchester.cs.owl.owlapi.OWLOntologyManagerImpl.loadOntology(OWLOntologyManagerImpl.java:1055)"
00496.owl,functional,render,OK,,
00496.owl,std,parse,FAIL,Identifier,"Problem parsing inputstream:ontology15931275138474 Could not parse ontology.  Either a suitable parser could not be found, or parsing failed.  See parser logs below for explanation. The following parsers were tried: 1) it.poliba.sisinflab.protocowl.ProtocOWLParser@210d2a6c   Detailed logs: -------------------------------------------------------------------------------- Parser: it.poliba.sisinflab.protocowl.ProtocOWLParser@210d2a6c     Stack trace: Identifier index out of bounds: 110        it.poliba.sisinflab.protocowl.Parser.getIdentifier(Parser.java:675)         it.poliba.sisinflab.protocowl.Parser.parseObjectPropertyExpression(Parser.java:586)         it.poliba.sisinflab.protocowl.Parser.parseClassExpression(Parser.java:561)         it.poliba.sisinflab.protocowl.Parser.parseClassAssertion(Parser.java:462)         it.poliba.sisinflab.protocowl.Parser.parseFrame(Parser.java:182)         it.poliba.sisinflab.protocowl.Parser.parse(Parser.java:45)         it.poliba.sisinflab.protocowl.ProtocOWLParser.parse(ProtocOWLParser.java:37)         uk.ac.manchester.cs.owl.owlapi.OWLOntologyFactoryImpl.loadOWLOntology(OWLOntologyFactoryImpl.java:195)         uk.ac.manchester.cs.owl.owlapi.OWLOntologyManagerImpl.load(OWLOntologyManagerImpl.java:1105)         uk.ac.manchester.cs.owl.owlapi.OWLOntologyManagerImpl.loadOntology(OWLOntologyManagerImpl.java:1055)"
00516.owl,MIS_128,parse,FAIL,Identifier,"Problem parsing inputstream:ontology15931275138478 Could not parse ontology.  Either a suitable parser could not be found, or parsing failed.  See parser logs below for explanation. The following parsers were tried: 1) it.poliba.sisinflab.protocowl.ProtocOWLParser@7c3c3d67   Detailed logs: -------------------------------------------------------------------------------- Parser: it.poliba.sisinflab.protocowl.ProtocOWLParser@7c3c3d67     Stack trace: Identifier index out of bounds: 15        it.poliba.sisinflab.protocowl.Parser.getIdentifier(Parser.java:675)         it.poliba.sisinflab.protocowl.Parser.parseObjectPropertyExpression(Parser.java:586)         it.poliba.sisinflab.protocowl.Parser.parseClassExpression(Parser.java:531)         it.poliba.sisinflab.protocowl.Parser.parseClassAssertion(Parser.java:462)         it.poliba.sisinflab.protocowl.Parser.parseFrame(Parser.java:182)         it.poliba.sisinflab.protocowl.Parser.parse(Parser.java:45)         it.poliba.sisinflab.protocowl.ProtocOWLParser.parse(ProtocOWLParser.java:37)         uk.ac.manchester.cs.owl.owlapi.OWLOntologyFactoryImpl.loadOWLOntology(OWLOntologyFactoryImpl.java:195)         uk.ac.manchester.cs.owl.owlapi.OWLOntologyManagerImpl.load(OWLOntologyManagerImpl.java:1105)         uk.ac.manchester.cs.owl.owlapi.OWLOntologyManagerImpl.loadOntology(OWLOntologyManagerImpl.java:1055)"
00516.owl,functional,render,OK,,
00516.owl,std,parse,FAIL,Identifier,"Problem parsing inputstream:ontology15931275138477 Could not parse ontology.  Either a suitable parser could not be found, or parsing failed.  See parser logs below for explanation. The following parsers were tried: 1) it.poliba.sisinflab.protocowl.ProtocOWLParser@1da5c19d   Detailed logs: -------------------------------------------------------------------------------- Parser: it.poliba.sisinflab.protocowl.ProtocOWLParser@1da5c19d     Stack trace: Identifier index out of bounds: 15        it.poliba.sisinflab.protocowl.Parser.getIdentifier(Parser.java:675)         it.poliba.sisinflab.protocowl.Parser.parseObjectPropertyExpression(Parser.java:586)         it.poliba.sisinflab.protocowl.Parser.parseClassExpression(Parser.java:531)         it.poliba.sisinflab.protocowl.Parser.parseClassAssertion(Parser.java:462)         it.poliba.sisinflab.protocowl.Parser.parseFrame(Parser.java:182)         it.poliba.sisinflab.protocowl.Parser.parse(Parser.java:45)         it.poliba.sisinflab.protocowl.ProtocOWLParser.parse(ProtocOWLParser.java:37)         uk.ac.manchester.cs.owl.owlapi.OWLOntologyFactoryImpl.loadOWLOntology(OWLOntologyFactoryImpl.java:195)         uk.ac.manchester.cs.owl.owlapi.OWLOntologyManagerImpl.load(OWLOntologyManagerImpl.java:1105)         uk.ac.manchester.cs.owl.owlapi.OWLOntologyManagerImpl.loadOntology(OWLOntologyManagerImpl.java:1055)"
00535.owl,MIS_128,parse,FAIL,Identifier,"Problem parsing inputstream:ontology15931275138481 Could not parse ontology.  Either a suitable parser could not be found, or parsing failed.  See parser logs below for explanation. The following parsers were tried: 1) it.poliba.sisinflab.protocowl.ProtocOWLParser@1bc80978   Detailed logs: -------------------------------------------------------------------------------- Parser: it.poliba.sisinflab.protocowl.ProtocOWLParser@1bc80978     Stack trace: Identifier index out of bounds: 15        it.poliba.sisinflab.protocowl.Parser.getIdentifier(Parser.java:675)         it.poliba.sisinflab.protocowl.Parser.parseObjectPropertyExpression(Parser.java:586)         it.poliba.sisinflab.protocowl.Parser.parseClassExpression(Parser.java:539)         it.poliba.sisinflab.protocowl.Parser.parseClassAssertion(Parser.java:462)         it.poliba.sisinflab.protocowl.Parser.parseFrame(Parser.java:182)         it.poliba.sisinflab.protocowl.Parser.parse(Parser.java:45)         it.poliba.sisinflab.protocowl.ProtocOWLParser.parse(ProtocOWLParser.java:37)         uk.ac.manchester.cs.owl.owlapi.OWLOntologyFactoryImpl.loadOWLOntology(OWLOntologyFactoryImpl.java:195)         uk.ac.manchester.cs.owl.owlapi.OWLOntologyManagerImpl.load(OWLOntologyManagerImpl.java:1105)         uk.ac.manchester.cs.owl.owlapi.OWLOntologyManagerImpl.loadOntology(OWLOntologyManagerImpl.java:1055)"
00535.owl,functional,render,OK,,
00535.owl,std,parse,FAIL,Identifier,"Problem parsing inputstream:ontology15931275138480 Could not parse ontology.  Either a suitable parser could not be found, or parsing failed.  See parser logs below for explanation. The following parsers were tried: 1) it.poliba.sisinflab.protocowl.ProtocOWLParser@2a742ee4   Detailed logs: -------------------------------------------------------------------------------- Parser: it.poliba.sisinflab.protocowl.ProtocOWLParser@2a742ee4     Stack trace: Identifier index out of bounds: 15        it.poliba.sisinflab.protocowl.Parser.getIdentifier(Parser.java:675)         it.poliba.sisinflab.protocowl.Parser.parseObjectPropertyExpression(Parser.java:586)         it.poliba.sisinflab.protocowl.Parser.parseClassExpression(Parser.java:539)         it.poliba.sisinflab.protocowl.Parser.parseClassAssertion(Parser.java:462)         it.poliba.sisinflab.protocowl.Parser.parseFrame(Parser.java:182)         it.poliba.sisinflab.protocowl.Parser.parse(Parser.java:45)         it.poliba.sisinflab.protocowl.ProtocOWLParser.parse(ProtocOWLParser.java:37)         uk.ac.manchester.cs.owl.owlapi.OWLOntologyFactoryImpl.loadOWLOntology(OWLOntologyFactoryImpl.java:195)         uk.ac.manchester.cs.owl.owlapi.OWLOntologyManagerImpl.load(OWLOntologyManagerImpl.java:1105)         uk.ac.manchester.cs.owl.owlapi.OWLOntologyManagerImpl.loadOntology(OWLOntologyManagerImpl.java:1055)"
00536.owl,MIS_128,parse,FAIL,Identifier,"Problem parsing inputstream:ontology15931275138484 Could not parse ontology.  Either a suitable parser could not be found, or parsing failed.  See parser logs below for explanation. The following parsers were tried: 1) it.poliba.sisinflab.protocowl.ProtocOWLParser@7ce2bfb   Detailed logs: -------------------------------------------------------------------------------- Parser: it.poliba.sisinflab.protocowl.ProtocOWLParser@7ce2bfb     Stack trace: Identifier index out of bounds: 15        it.poliba.sisinflab.protocowl.Parser.getIdentifier(Parser.java:675)         it.poliba.sisinflab.protocowl.Parser.parseObjectPropertyExpression(Parser.java:586)         it.poliba.sisinflab.protocowl.Parser.parseClassExpression(Parser.java:535)         it.poliba.sisinflab.protocowl.Parser.parseClassAssertion(Parser.java:462)         it.poliba.sisinflab.protocowl.Parser.parseFrame(Parser.java:182)         it.poliba.sisinflab.protocowl.Parser.parse(Parser.java:45)         it.poliba.sisinflab.protocowl.ProtocOWLParser.parse(ProtocOWLParser.java:37)         uk.ac.manchester.cs.owl.owlapi.OWLOntologyFactoryImpl.loadOWLOntology(OWLOntologyFactoryImpl.java:195)         uk.ac.manchester.cs.owl.owlapi.OWLOntologyManagerImpl.load(OWLOntologyManagerImpl.java:1105)         uk.ac.manchester.cs.owl.owlapi.OWLOntologyManagerImpl.loadOntology(OWLOntologyManagerImpl.java:1055)"
00536.owl,functional,render,OK,,
00536.owl,std,parse,FAIL,Identifier,"Problem parsing inputstream:ontology15931275138483 Could not parse ontology.  Either a suitable parser could not be found, or parsing failed.  See parser logs below for explanation. The following parsers were tried: 1) it.poliba.sisinflab.protocowl.ProtocOWLParser@5839306e   Detailed logs: -------------------------------------------------------------------------------- Parser: it.poliba.sisinflab.protocowl.ProtocOWLParser@5839306e     Stack trace: Identifier index out of bounds: 15        it.poliba.sisinflab.protocowl.Parser.getIdentifier(Parser.java:675)         it.poliba.sisinflab.protocowl.Parser.parseObjectPropertyExpression(Parser.java:586)         it.poliba.sisinflab.protocowl.Parser.parseClassExpression(Parser.java:535)         it.poliba.sisinflab.protocowl.Parser.parseClassAssertion(Parser.java:462)         it.poliba.sisinflab.protocowl.Parser.parseFrame(Parser.java:182)         it.poliba.sisinflab.protocowl.Parser.parse(Parser.java:45)         it.poliba.sisinflab.protocowl.ProtocOWLParser.parse(ProtocOWLParser.java:37)         uk.ac.manchester.cs.owl.owlapi.OWLOntologyFactoryImpl.loadOWLOntology(OWLOntologyFactoryImpl.java:195)         uk.ac.manchester.cs.owl.owlapi.OWLOntologyManagerImpl.load(OWLOntologyManagerImpl.java:1105)         uk.ac.manchester.cs.owl.owlapi.OWLOntologyManagerImpl.loadOntology(OWLOntologyManagerImpl.java:1055)"
00597.owl,MIS_128,parse,FAIL,ClassExpression,"Problem parsing inputstream:ontology15931275138487 Could not parse ontology.  Either a suitable parser could not be found, or parsing failed.  See parser logs below for explanation. The following parsers were tried: 1) it.poliba.sisinflab.protocowl.ProtocOWLParser@3b7118da   Detailed logs: -------------------------------------------------------------------------------- Parser: it.poliba.sisinflab.protocowl.ProtocOWLParser@3b7118da     Stack trace: Unsupported ClassExpression type: 11        it.poliba.sisinflab.protocowl.Parser.parseClassExpression(Parser.java:576)         it.poliba.sisinflab.protocowl.Parser.parseClassAssertion(Parser.java:462)         it.poliba.sisinflab.protocowl.Parser.parseFrame(Parser.java:182)         it.poliba.sisinflab.protocowl.Parser.parse(Parser.java:45)         it.poliba.sisinflab.protocowl.ProtocOWLParser.parse(ProtocOWLParser.java:37)         uk.ac.manchester.cs.owl.owlapi.OWLOntologyFactoryImpl.loadOWLOntology(OWLOntologyFactoryImpl.java:195)         uk.ac.manchester.cs.owl.owlapi.OWLOntologyManagerImpl.load(OWLOntologyManagerImpl.java:1105)         uk.ac.manchester.cs.owl.owlapi.OWLOntologyManagerImpl.loadOntology(OWLOntologyManagerImpl.java:1055)         uk.ac.manchester.cs.owl.owlapi.OWLOntologyManagerImpl.loadOntologyFromOntologyDocument(OWLOntologyManagerImpl.java:1005)         uk.ac.manchester.cs.owl.owlapi.OWLOntologyManagerImpl.loadOntologyFromOntologyDocument(OWLOntologyManagerImpl.java:1025)"
00597.owl,functional,render,OK,,
00597.owl,std,parse,FAIL,ClassExpression,"Problem parsing inputstream:ontology15931275138486 Could not parse ontology.  Either a suitable parser could not be found, or parsing failed.  See parser logs below for explanation. The following parsers were tried: 1) it.poliba.sisinflab.protocowl.ProtocOWLParser@10e94ff8   Detailed logs: -------------------------------------------------------------------------------- Parser: it.poliba.sisinflab.protocowl.ProtocOWLParser@10e94ff8     Stack trace: Unsupported ClassExpression type: 11        it.poliba.sisinflab.protocowl.Parser.parseClassExpression(Parser.java:576)         it.poliba.sisinflab.protocowl.Parser.parseClassAssertion(Parser.java:462)         it.poliba.sisinflab.protocowl.Parser.parseFrame(Parser.java:182)         it.poliba.sisinflab.protocowl.Parser.parse(Parser.java:45)         it.poliba.sisinflab.protocowl.ProtocOWLParser.parse(ProtocOWLParser.java:37)         uk.ac.manchester.cs.owl.owlapi.OWLOntologyFactoryImpl.loadOWLOntology(OWLOntologyFactoryImpl.java:195)         uk.ac.manchester.cs.owl.owlapi.OWLOntologyManagerImpl.load(OWLOntologyManagerImpl.java:1105)         uk.ac.manchester.cs.owl.owlapi.OWLOntologyManagerImpl.loadOntology(OWLOntologyManagerImpl.java:1055)         uk.ac.manchester.cs.owl.owlapi.OWLOntologyManagerImpl.loadOntologyFromOntologyDocument(OWLOntologyManagerImpl.java:1005)         uk.ac.manchester.cs.owl.owlapi.OWLOntologyManagerImpl.loadOntologyFromOntologyDocument(OWLOntologyManagerImpl.java:1025)"
00606.owl,MIS_128,parse,FAIL,Identifier,"Problem parsing inputstream:ontology15931275138490 Could not parse ontology.  Either a suitable parser could not be found, or parsing failed.  See parser logs below for explanation. The following parsers were tried: 1) it.poliba.sisinflab.protocowl.ProtocOWLParser@2280242d   Detailed logs: -------------------------------------------------------------------------------- Parser: it.poliba.sisinflab.protocowl.ProtocOWLParser@2280242d     Stack trace: Identifier index out of bounds: 15        it.poliba.sisinflab.protocowl.Parser.getIdentifier(Parser.java:675)         it.poliba.sisinflab.protocowl.Parser.parseObjectPropertyExpression(Parser.java:586)         it.poliba.sisinflab.protocowl.Parser.parseClassExpression(Parser.java:535)         it.poliba.sisinflab.protocowl.Parser.parseClassAssertion(Parser.java:462)         it.poliba.sisinflab.protocowl.Parser.parseFrame(Parser.java:182)         it.poliba.sisinflab.protocowl.Parser.parse(Parser.java:45)         it.poliba.sisinflab.protocowl.ProtocOWLParser.parse(ProtocOWLParser.java:37)         uk.ac.manchester.cs.owl.owlapi.OWLOntologyFactoryImpl.loadOWLOntology(OWLOntologyFactoryImpl.java:195)         uk.ac.manchester.cs.owl.owlapi.OWLOntologyManagerImpl.load(OWLOntologyManagerImpl.java:1105)         uk.ac.manchester.cs.owl.owlapi.OWLOntologyManagerImpl.loadOntology(OWLOntologyManagerImpl.java:1055)"
00606.owl,functional,render,OK,,
00606.owl,std,parse,FAIL,Identifier,"Problem parsing inputstream:ontology15931275138489 Could not parse ontology.  Either a suitable parser could not be found, or parsing failed.  See parser logs below for explanation. The following parsers were tried: 1) it.poliba.sisinflab.protocowl.ProtocOWLParser@4d4fe01c   Detailed logs: -------------------------------------------------------------------------------- Parser: it.poliba.sisinflab.protocowl.ProtocOWLParser@4d4fe01c     Stack trace: Identifier index out of bounds: 15        it.poliba.sisinflab.protocowl.Parser.getIdentifier(Parser.java:675)         it.poliba.sisinflab.protocowl.Parser.parseObjectPropertyExpression(Parser.java:586)         it.poliba.sisinflab.protocowl.Parser.parseClassExpression(Parser.java:535)         it.poliba.sisinflab.protocowl.Parser.parseClassAssertion(Parser.java:462)         it.poliba.sisinflab.protocowl.Parser.parseFrame(Parser.java:182)         it.poliba.sisinflab.protocowl.Parser.parse(Parser.java:45)         it.poliba.sisinflab.protocowl.ProtocOWLParser.parse(ProtocOWLParser.java:37)         uk.ac.manchester.cs.owl.owlapi.OWLOntologyFactoryImpl.loadOWLOntology(OWLOntologyFactoryImpl.java:195)         uk.ac.manchester.cs.owl.owlapi.OWLOntologyManagerImpl.load(OWLOntologyManagerImpl.java:1105)         uk.ac.manchester.cs.owl.owlapi.OWLOntologyManagerImpl.loadOntology(OWLOntologyManagerImpl.java:1055)"
04c0c4ef-e210-41a7-b86b-1f945045bc8f_kupocells.owl,MIS_128,parse,FAIL,Identifier,"Problem parsing inputstream:ontology15931275138493 Could not parse ontology.  Either a suitable parser could not be found, or parsing failed.  See parser logs below for explanation. The following parsers were tried: 1) it.poliba.sisinflab.protocowl.ProtocOWLParser@6e9f1777   Detailed logs: -------------------------------------------------------------------------------- Parser: it.poliba.sisinflab.protocowl.ProtocOWLParser@6e9f1777     Stack trace: Identifier index out of bounds: 15        it.poliba.sisinflab.protocowl.Parser.getIdentifier(Parser.java:675)         it.poliba.sisinflab.protocowl.Parser.parseObjectPropertyExpression(Parser.java:586)         it.poliba.sisinflab.protocowl.Parser.parseClassExpression(Parser.java:543)         it.poliba.sisinflab.protocowl.Parser.parseClassAssertion(Parser.java:462)         it.poliba.sisinflab.protocowl.Parser.parseFrame(Parser.java:182)         it.poliba.sisinflab.protocowl.Parser.parse(Parser.java:45)         it.poliba.sisinflab.protocowl.ProtocOWLParser.parse(ProtocOWLParser.java:37)         uk.ac.manchester.cs.owl.owlapi.OWLOntologyFactoryImpl.loadOWLOntology(OWLOntologyFactoryImpl.java:195)         uk.ac.manchester.cs.owl.owlapi.OWLOntologyManagerImpl.load(OWLOntologyManagerImpl.java:1105)         uk.ac.manchester.cs.owl.owlapi.OWLOntologyManagerImpl.loadOntology(OWLOntologyManagerImpl.java:1055)"
04c0c4ef-e210-41a7-b86b-1f945045bc8f_kupocells.owl,functional,render,OK,,
04c0c4ef-e210-41a7-b86b-1f945045bc8f_kupocells.owl,std,parse,FAIL,Identifier,"Problem parsing inputstream:ontology15931275138492 Could not parse ontology.  Either a suitable parser could not be found, or parsing failed.  See parser logs below for explanation. The following parsers were tried: 1) it.poliba.sisinflab.protocowl.ProtocOWLParser@31a4280a   Detailed logs: -------------------------------------------------------------------------------- Parser: it.poliba.sisinflab.protocowl.ProtocOWLParser@31a4280a     Stack trace: Identifier index out of bounds: 15        it.poliba.sisinflab.protocowl.Parser.getIdentifier(Parser.java:675)         it.poliba.sisinflab.protocowl.Parser.parseObjectPropertyExpression(Parser.java:586)         it.poliba.sisinflab.protocowl.Parser.parseClassExpression(Parser.java:543)         it.poliba.sisinflab.protocowl.Parser.parseClassAssertion(Parser.java:462)         it.poliba.sisinflab.protocowl.Parser.parseFrame(Parser.java:182)         it.poliba.sisinflab.protocowl.Parser.parse(Parser.java:45)         it.poliba.sisinflab.protocowl.ProtocOWLParser.parse(ProtocOWLParser.java:37)         uk.ac.manchester.cs.owl.owlapi.OWLOntologyFactoryImpl.loadOWLOntology(OWLOntologyFactoryImpl.java:195)         uk.ac.manchester.cs.owl.owlapi.OWLOntologyManagerImpl.load(OWLOntologyManagerImpl.java:1105)         uk.ac.manchester.cs.owl.owlapi.OWLOntologyManagerImpl.loadOntology(OWLOntologyManagerImpl.java:1055)"
061ac8ca-5542-4610-ad64-0b21975d6fe4_enotype_xp.obo,MIS_128,parse,FAIL,Identifier,"Problem parsing inputstream:ontology15931275138496 Could not parse ontology.  Either a suitable parser could not be found, or parsing failed.  See parser logs below for explanation. The following parsers were tried: 1) it.poliba.sisinflab.protocowl.ProtocOWLParser@3f6beaf2   Detailed logs: -------------------------------------------------------------------------------- Parser: it.poliba.sisinflab.protocowl.ProtocOWLParser@3f6beaf2     Stack trace: Identifier index out of bounds: 15        it.poliba.sisinflab.protocowl.Parser.getIdentifier(Parser.java:675)         it.poliba.sisinflab.protocowl.Parser.parseObjectPropertyExpression(Parser.java:586)         it.poliba.sisinflab.protocowl.Parser.parseClassExpression(Parser.java:535)         it.poliba.sisinflab.protocowl.Parser.parseClassAssertion(Parser.java:462)         it.poliba.sisinflab.protocowl.Parser.parseFrame(Parser.java:182)         it.poliba.sisinflab.protocowl.Parser.parse(Parser.java:45)         it.poliba.sisinflab.protocowl.ProtocOWLParser.parse(ProtocOWLParser.java:37)         uk.ac.manchester.cs.owl.owlapi.OWLOntologyFactoryImpl.loadOWLOntology(OWLOntologyFactoryImpl.java:195)         uk.ac.manchester.cs.owl.owlapi.OWLOntologyManagerImpl.load(OWLOntologyManagerImpl.java:1105)         uk.ac.manchester.cs.owl.owlapi.OWLOntologyManagerImpl.loadOntology(OWLOntologyManagerImpl.java:1055)"
061ac8ca-5542-4610-ad64-0b21975d6fe4_enotype_xp.obo,functional,render,OK,,
061ac8ca-5542-4610-ad64-0b21975d6fe4_enotype_xp.obo,std,parse,FAIL,Identifier,"Problem parsing inputstream:ontology15931275138495 Could not parse ontology.  Either a suitable parser could not be found, or parsing failed.  See parser logs below for explanation. The following parsers were tried: 1) it.poliba.sisinflab.protocowl.ProtocOWLParser@357a05b   Detailed logs: -------------------------------------------------------------------------------- Parser: it.poliba.sisinflab.protocowl.ProtocOWLParser@357a05b     Stack trace: Identifier index out of bounds: 15        it.poliba.sisinflab.protocowl.Parser.getIdentifier(Parser.java:675)         it.poliba.sisinflab.protocowl.Parser.parseObjectPropertyExpression(Parser.java:586)         it.poliba.sisinflab.protocowl.Parser.parseClassExpression(Parser.java:535)         it.poliba.sisinflab.protocowl.Parser.parseClassAssertion(Parser.java:462)         it.poliba.sisinflab.protocowl.Parser.parseFrame(Parser.java:182)         it.poliba.sisinflab.protocowl.Parser.parse(Parser.java:45)         it.poliba.sisinflab.protocowl.ProtocOWLParser.parse(ProtocOWLParser.java:37)         uk.ac.manchester.cs.owl.owlapi.OWLOntologyFactoryImpl.loadOWLOntology(OWLOntologyFactoryImpl.java:195)         uk.ac.manchester.cs.owl.owlapi.OWLOntologyManagerImpl.load(OWLOntologyManagerImpl.java:1105)         uk.ac.manchester.cs.owl.owlapi.OWLOntologyManagerImpl.loadOntology(OWLOntologyManagerImpl.java:1055)"
0ccf0454-d777-4fec-b1cc-03b5a300824d_chemtop.owl,MIS_128,parse,FAIL,ClassExpression,"Problem parsing inputstream:ontology15931275138499 Could not parse ontology.  Either a suitable parser could not be found, or parsing failed.  See parser logs below for explanation. The following parsers were tried: 1) it.poliba.sisinflab.protocowl.ProtocOWLParser@6c3d471d   Detailed logs: -------------------------------------------------------------------------------- Parser: it.poliba.sisinflab.protocowl.ProtocOWLParser@6c3d471d     Stack trace: Unsupported ClassExpression type: 16        it.poliba.sisinflab.protocowl.Parser.parseClassExpression(Parser.java:576)         it.poliba.sisinflab.protocowl.Parser.parseClassExpression(Parser.java:523)         it.poliba.sisinflab.protocowl.Parser.parseClassAssertion(Parser.java:462)         it.poliba.sisinflab.protocowl.Parser.parseFrame(Parser.java:182)         it.poliba.sisinflab.protocowl.Parser.parse(Parser.java:45)         it.poliba.sisinflab.protocowl.ProtocOWLParser.parse(ProtocOWLParser.java:37)         uk.ac.manchester.cs.owl.owlapi.OWLOntologyFactoryImpl.loadOWLOntology(OWLOntologyFactoryImpl.java:195)         uk.ac.manchester.cs.owl.owlapi.OWLOntologyManagerImpl.load(OWLOntologyManagerImpl.java:1105)         uk.ac.manchester.cs.owl.owlapi.OWLOntologyManagerImpl.loadOntology(OWLOntologyManagerImpl.java:1055)         uk.ac.manchester.cs.owl.owlapi.OWLOntologyManagerImpl.loadOntologyFromOntologyDocument(OWLOntologyManagerImpl.java:1005)"
0ccf0454-d777-4fec-b1cc-03b5a300824d_chemtop.owl,functional,render,OK,,
0ccf0454-d777-4fec-b1cc-03b5a300824d_chemtop.owl,std,parse,FAIL,ClassExpression,"Problem parsing inputstream:ontology15931275138498 Could not parse ontology.  Either a suitable parser could not be found, or parsing failed.  See parser logs below for explanation. The following parsers were tried: 1) it.poliba.sisinflab.protocowl.ProtocOWLParser@38784e20   Detailed logs: -------------------------------------------------------------------------------- Parser: it.poliba.sisinflab.protocowl.ProtocOWLParser@38784e20     Stack trace: Unsupported ClassExpression type: 16        it.poliba.sisinflab.protocowl.Parser.parseClassExpression(Parser.java:576)         it.poliba.sisinflab.protocowl.Parser.parseClassExpression(Parser.java:523)         it.poliba.sisinflab.protocowl.Parser.parseClassAssertion(Parser.java:462)         it.poliba.sisinflab.protocowl.Parser.parseFrame(Parser.java:182)         it.poliba.sisinflab.protocowl.Parser.parse(Parser.java:45)         it.poliba.sisinflab.protocowl.ProtocOWLParser.parse(ProtocOWLParser.java:37)         uk.ac.manchester.cs.owl.owlapi.OWLOntologyFactoryImpl.loadOWLOntology(OWLOntologyFactoryImpl.java:195)         uk.ac.manchester.cs.owl.owlapi.OWLOntologyManagerImpl.load(OWLOntologyManagerImpl.java:1105)         uk.ac.manchester.cs.owl.owlapi.OWLOntologyManagerImpl.loadOntology(OWLOntologyManagerImpl.java:1055)         uk.ac.manchester.cs.owl.owlapi.OWLOntologyManagerImpl.loadOntologyFromOntologyDocument(OWLOntologyManagerImpl.java:1005)"
0edc7fed-a5da-49fa-878f-1854501a1f1e_prerelease.obo,MIS_128,parse,FAIL,Identifier,"Problem parsing inputstream:ontology15931275138502 Could not parse ontology.  Either a suitable parser could not be found, or parsing failed.  See parser logs below for explanation. The following parsers were tried: 1) it.poliba.sisinflab.protocowl.ProtocOWLParser@285631dd   Detailed logs: -------------------------------------------------------------------------------- Parser: it.poliba.sisinflab.protocowl.ProtocOWLParser@285631dd     Stack trace: Identifier index out of bounds: 111        it.poliba.sisinflab.protocowl.Parser.getIdentifier(Parser.java:675)         it.poliba.sisinflab.protocowl.Parser.parseIndividual(Parser.java:605)         it.poliba.sisinflab.protocowl.Parser.parseClassExpression(Parser.java:528)         it.poliba.sisinflab.protocowl.Parser.parseClassAssertion(Parser.java:462)         it.poliba.sisinflab.protocowl.Parser.parseFrame(Parser.java:182)         it.poliba.sisinflab.protocowl.Parser.parse(Parser.java:45)         it.poliba.sisinflab.protocowl.ProtocOWLParser.parse(ProtocOWLParser.java:37)         uk.ac.manchester.cs.owl.owlapi.OWLOntologyFactoryImpl.loadOWLOntology(OWLOntologyFactoryImpl.java:195)         uk.ac.manchester.cs.owl.owlapi.OWLOntologyManagerImpl.load(OWLOntologyManagerImpl.java:1105)         uk.ac.manchester.cs.owl.owlapi.OWLOntologyManagerImpl.loadOntology(OWLOntologyManagerImpl.java:1055)"
0edc7fed-a5da-49fa-878f-1854501a1f1e_prerelease.obo,functional,render,OK,,
0edc7fed-a5da-49fa-878f-1854501a1f1e_prerelease.obo,std,parse,FAIL,Identifier,"Problem parsing inputstream:ontology15931275138501 Could not parse ontology.  Either a suitable parser could not be found, or parsing failed.  See parser logs below for explanation. The following parsers were tried: 1) it.poliba.sisinflab.protocowl.ProtocOWLParser@5b9e3dcf   Detailed logs: -------------------------------------------------------------------------------- Parser: it.poliba.sisinflab.protocowl.ProtocOWLParser@5b9e3dcf     Stack trace: Identifier index out of bounds: 111        it.poliba.sisinflab.protocowl.Parser.getIdentifier(Parser.java:675)         it.poliba.sisinflab.protocowl.Parser.parseIndividual(Parser.java:605)         it.poliba.sisinflab.protocowl.Parser.parseClassExpression(Parser.java:528)         it.poliba.sisinflab.protocowl.Parser.parseClassAssertion(Parser.java:462)         it.poliba.sisinflab.protocowl.Parser.parseFrame(Parser.java:182)         it.poliba.sisinflab.protocowl.Parser.parse(Parser.java:45)         it.poliba.sisinflab.protocowl.ProtocOWLParser.parse(ProtocOWLParser.java:37)         uk.ac.manchester.cs.owl.owlapi.OWLOntologyFactoryImpl.loadOWLOntology(OWLOntologyFactoryImpl.java:195)         uk.ac.manchester.cs.owl.owlapi.OWLOntologyManagerImpl.load(OWLOntologyManagerImpl.java:1105)         uk.ac.manchester.cs.owl.owlapi.OWLOntologyManagerImpl.loadOntology(OWLOntologyManagerImpl.java:1055)"
0f50cfb0-4be7-4239-8816-b5e06f63beb7_erativeOCL.owl,MIS_128,parse,FAIL,Identifier,"Problem parsing inputstream:ontology15931275138505 Could not parse ontology.  Either a suitable parser could not be found, or parsing failed.  See parser logs below for explanation. The following parsers were tried: 1) it.poliba.sisinflab.protocowl.ProtocOWLParser@3ccf34b1   Detailed logs: -------------------------------------------------------------------------------- Parser: it.poliba.sisinflab.protocowl.ProtocOWLParser@3ccf34b1     Stack trace: Identifier index out of bounds: 110        it.poliba.sisinflab.protocowl.Parser.getIdentifier(Parser.java:675)         it.poliba.sisinflab.protocowl.Parser.parseObjectPropertyExpression(Parser.java:586)         it.poliba.sisinflab.protocowl.Parser.parseClassExpression(Parser.java:549)         it.poliba.sisinflab.protocowl.Parser.parseClassAssertion(Parser.java:462)         it.poliba.sisinflab.protocowl.Parser.parseFrame(Parser.java:182)         it.poliba.sisinflab.protocowl.Parser.parse(Parser.java:45)         it.poliba.sisinflab.protocowl.ProtocOWLParser.parse(ProtocOWLParser.java:37)         uk.ac.manchester.cs.owl.owlapi.OWLOntologyFactoryImpl.loadOWLOntology(OWLOntologyFactoryImpl.java:195)         uk.ac.manchester.cs.owl.owlapi.OWLOntologyManagerImpl.load(OWLOntologyManagerImpl.java:1105)         uk.ac.manchester.cs.owl.owlapi.OWLOntologyManagerImpl.loadOntology(OWLOntologyManagerImpl.java:1055)"
0f50cfb0-4be7-4239-8816-b5e06f63beb7_erativeOCL.owl,functional,render,OK,,
0f50cfb0-4be7-4239-8816-b5e06f63beb7_erativeOCL.owl,std,parse,FAIL,Identifier,"Problem parsing inputstream:ontology15931275138504 Could not parse ontology.  Either a suitable parser could not be found, or parsing failed.  See parser logs below for explanation. The following parsers were tried: 1) it.poliba.sisinflab.protocowl.ProtocOWLParser@5ff1d62f   Detailed logs: -------------------------------------------------------------------------------- Parser: it.poliba.sisinflab.protocowl.ProtocOWLParser@5ff1d62f     Stack trace: Identifier index out of bounds: 110        it.poliba.sisinflab.protocowl.Parser.getIdentifier(Parser.java:675)         it.poliba.sisinflab.protocowl.Parser.parseObjectPropertyExpression(Parser.java:586)         it.poliba.sisinflab.protocowl.Parser.parseClassExpression(Parser.java:549)         it.poliba.sisinflab.protocowl.Parser.parseClassAssertion(Parser.java:462)         it.poliba.sisinflab.protocowl.Parser.parseFrame(Parser.java:182)         it.poliba.sisinflab.protocowl.Parser.parse(Parser.java:45)         it.poliba.sisinflab.protocowl.ProtocOWLParser.parse(ProtocOWLParser.java:37)         uk.ac.manchester.cs.owl.owlapi.OWLOntologyFactoryImpl.loadOWLOntology(OWLOntologyFactoryImpl.java:195)         uk.ac.manchester.cs.owl.owlapi.OWLOntologyManagerImpl.load(OWLOntologyManagerImpl.java:1105)         uk.ac.manchester.cs.owl.owlapi.OWLOntologyManagerImpl.loadOntology(OWLOntologyManagerImpl.java:1055)"
19deea53-8a8c-48c0-9cde-99140ba1a5e2_tance_edit.owl,MIS_128,parse,FAIL,Identifier,"Problem parsing inputstream:ontology15931275138508 Could not parse ontology.  Either a suitable parser could not be found, or parsing failed.  See parser logs below for explanation. The following parsers were tried: 1) it.poliba.sisinflab.protocowl.ProtocOWLParser@2806b219   Detailed logs: -------------------------------------------------------------------------------- Parser: it.poliba.sisinflab.protocowl.ProtocOWLParser@2806b219     Stack trace: Identifier index out of bounds: 111        it.poliba.sisinflab.protocowl.Parser.getIdentifier(Parser.java:675)         it.poliba.sisinflab.protocowl.Parser.parseIndividual(Parser.java:605)         it.poliba.sisinflab.protocowl.Parser.parseClassExpression(Parser.java:528)         it.poliba.sisinflab.protocowl.Parser.parseClassAssertion(Parser.java:462)         it.poliba.sisinflab.protocowl.Parser.parseFrame(Parser.java:182)         it.poliba.sisinflab.protocowl.Parser.parse(Parser.java:45)         it.poliba.sisinflab.protocowl.ProtocOWLParser.parse(ProtocOWLParser.java:37)         uk.ac.manchester.cs.owl.owlapi.OWLOntologyFactoryImpl.loadOWLOntology(OWLOntologyFactoryImpl.java:195)         uk.ac.manchester.cs.owl.owlapi.OWLOntologyManagerImpl.load(OWLOntologyManagerImpl.java:1105)         uk.ac.manchester.cs.owl.owlapi.OWLOntologyManagerImpl.loadOntology(OWLOntologyManagerImpl.java:1055)"
19deea53-8a8c-48c0-9cde-99140ba1a5e2_tance_edit.owl,functional,render,OK,,
19deea53-8a8c-48c0-9cde-99140ba1a5e2_tance_edit.owl,std,parse,FAIL,Identifier,"Problem parsing inputstream:ontology15931275138507 Could not parse ontology.  Either a suitable parser could not be found, or parsing failed.  See parser logs below for explanation. The following parsers were tried: 1) it.poliba.sisinflab.protocowl.ProtocOWLParser@784423da   Detailed logs: -------------------------------------------------------------------------------- Parser: it.poliba.sisinflab.protocowl.ProtocOWLParser@784423da     Stack trace: Identifier index out of bounds: 111        it.poliba.sisinflab.protocowl.Parser.getIdentifier(Parser.java:675)         it.poliba.sisinflab.protocowl.Parser.parseIndividual(Parser.java:605)         it.poliba.sisinflab.protocowl.Parser.parseClassExpression(Parser.java:528)         it.poliba.sisinflab.protocowl.Parser.parseClassAssertion(Parser.java:462)         it.poliba.sisinflab.protocowl.Parser.parseFrame(Parser.java:182)         it.poliba.sisinflab.protocowl.Parser.parse(Parser.java:45)         it.poliba.sisinflab.protocowl.ProtocOWLParser.parse(ProtocOWLParser.java:37)         uk.ac.manchester.cs.owl.owlapi.OWLOntologyFactoryImpl.loadOWLOntology(OWLOntologyFactoryImpl.java:195)         uk.ac.manchester.cs.owl.owlapi.OWLOntologyManagerImpl.load(OWLOntologyManagerImpl.java:1105)         uk.ac.manchester.cs.owl.owlapi.OWLOntologyManagerImpl.loadOntology(OWLOntologyManagerImpl.java:1055)"
1ae83c60-e25b-4f30-afda-9a407d2da8e3_ra_anatomy.owl,MIS_128,parse,FAIL,Identifier,"Problem parsing inputstream:ontology15931275138511 Could not parse ontology.  Either a suitable parser could not be found, or parsing failed.  See parser logs below for explanation. The following parsers were tried: 1) it.poliba.sisinflab.protocowl.ProtocOWLParser@2044fdec   Detailed logs: -------------------------------------------------------------------------------- Parser: it.poliba.sisinflab.protocowl.ProtocOWLParser@2044fdec     Stack trace: Identifier index out of bounds: 15        it.poliba.sisinflab.protocowl.Parser.getIdentifier(Parser.java:675)         it.poliba.sisinflab.protocowl.Parser.parseObjectPropertyExpression(Parser.java:586)         it.poliba.sisinflab.protocowl.Parser.parseClassExpression(Parser.java:531)         it.poliba.sisinflab.protocowl.Parser.parseClassAssertion(Parser.java:462)         it.poliba.sisinflab.protocowl.Parser.parseFrame(Parser.java:182)         it.poliba.sisinflab.protocowl.Parser.parse(Parser.java:45)         it.poliba.sisinflab.protocowl.ProtocOWLParser.parse(ProtocOWLParser.java:37)         uk.ac.manchester.cs.owl.owlapi.OWLOntologyFactoryImpl.loadOWLOntology(OWLOntologyFactoryImpl.java:195)         uk.ac.manchester.cs.owl.owlapi.OWLOntologyManagerImpl.load(OWLOntologyManagerImpl.java:1105)         uk.ac.manchester.cs.owl.owlapi.OWLOntologyManagerImpl.loadOntology(OWLOntologyManagerImpl.java:1055)"
1ae83c60-e25b-4f30-afda-9a407d2da8e3_ra_anatomy.owl,functional,render,OK,,
1ae83c60-e25b-4f30-afda-9a407d2da8e3_ra_anatomy.owl,std,parse,FAIL,Identifier,"Problem parsing inputstream:ontology15931275138510 Could not parse ontology.  Either a suitable parser could not be found, or parsing failed.  See parser logs below for explanation. The following parsers were tried: 1) it.poliba.sisinflab.protocowl.ProtocOWLParser@7cc4db97   Detailed logs: -------------------------------------------------------------------------------- Parser: it.poliba.sisinflab.protocowl.ProtocOWLParser@7cc4db97     Stack trace: Identifier index out of bounds: 15        it.poliba.sisinflab.protocowl.Parser.getIdentifier(Parser.java:675)         it.poliba.sisinflab.protocowl.Parser.parseObjectPropertyExpression(Parser.java:586)         it.poliba.sisinflab.protocowl.Parser.parseClassExpression(Parser.java:531)         it.poliba.sisinflab.protocowl.Parser.parseClassAssertion(Parser.java:462)         it.poliba.sisinflab.protocowl.Parser.parseFrame(Parser.java:182)         it.poliba.sisinflab.protocowl.Parser.parse(Parser.java:45)         it.poliba.sisinflab.protocowl.ProtocOWLParser.parse(ProtocOWLParser.java:37)         uk.ac.manchester.cs.owl.owlapi.OWLOntologyFactoryImpl.loadOWLOntology(OWLOntologyFactoryImpl.java:195)         uk.ac.manchester.cs.owl.owlapi.OWLOntologyManagerImpl.load(OWLOntologyManagerImpl.java:1105)         uk.ac.manchester.cs.owl.owlapi.OWLOntologyManagerImpl.loadOntology(OWLOntologyManagerImpl.java:1055)"
1b104481-2d27-43b4-86a3-98e6b2fdd413_fbdv.owl,MIS_128,parse,FAIL,Identifier,"Problem parsing inputstream:ontology15931275138514 Could not parse ontology.  Either a suitable parser could not be found, or parsing failed.  See parser logs below for explanation. The following parsers were tried: 1) it.poliba.sisinflab.protocowl.ProtocOWLParser@382f2e99   Detailed logs: -------------------------------------------------------------------------------- Parser: it.poliba.sisinflab.protocowl.ProtocOWLParser@382f2e99     Stack trace: Identifier index out of bounds: 15        it.poliba.sisinflab.protocowl.Parser.getIdentifier(Parser.java:675)         it.poliba.sisinflab.protocowl.Parser.parseObjectPropertyExpression(Parser.java:586)         it.poliba.sisinflab.protocowl.Parser.parseClassExpression(Parser.java:531)         it.poliba.sisinflab.protocowl.Parser.parseClassAssertion(Parser.java:462)         it.poliba.sisinflab.protocowl.Parser.parseFrame(Parser.java:182)         it.poliba.sisinflab.protocowl.Parser.parse(Parser.java:45)         it.poliba.sisinflab.protocowl.ProtocOWLParser.parse(ProtocOWLParser.java:37)         uk.ac.manchester.cs.owl.owlapi.OWLOntologyFactoryImpl.loadOWLOntology(OWLOntologyFactoryImpl.java:195)         uk.ac.manchester.cs.owl.owlapi.OWLOntologyManagerImpl.load(OWLOntologyManagerImpl.java:1105)         uk.ac.manchester.cs.owl.owlapi.OWLOntologyManagerImpl.loadOntology(OWLOntologyManagerImpl.java:1055)"
1b104481-2d27-43b4-86a3-98e6b2fdd413_fbdv.owl,functional,render,OK,,
1b104481-2d27-43b4-86a3-98e6b2fdd413_fbdv.owl,std,parse,FAIL,Identifier,"Problem parsing inputstream:ontology15931275138513 Could not parse ontology.  Either a suitable parser could not be found, or parsing failed.  See parser logs below for explanation. The following parsers were tried: 1) it.poliba.sisinflab.protocowl.ProtocOWLParser@396ab83f   Detailed logs: -------------------------------------------------------------------------------- Parser: it.poliba.sisinflab.protocowl.ProtocOWLParser@396ab83f     Stack trace: Identifier index out of bounds: 15        it.poliba.sisinflab.protocowl.Parser.getIdentifier(Parser.java:675)         it.poliba.sisinflab.protocowl.Parser.parseObjectPropertyExpression(Parser.java:586)         it.poliba.sisinflab.protocowl.Parser.parseClassExpression(Parser.java:531)         it.poliba.sisinflab.protocowl.Parser.parseClassAssertion(Parser.java:462)         it.poliba.sisinflab.protocowl.Parser.parseFrame(Parser.java:182)         it.poliba.sisinflab.protocowl.Parser.parse(Parser.java:45)         it.poliba.sisinflab.protocowl.ProtocOWLParser.parse(ProtocOWLParser.java:37)         uk.ac.manchester.cs.owl.owlapi.OWLOntologyFactoryImpl.loadOWLOntology(OWLOntologyFactoryImpl.java:195)         uk.ac.manchester.cs.owl.owlapi.OWLOntologyManagerImpl.load(OWLOntologyManagerImpl.java:1105)         uk.ac.manchester.cs.owl.owlapi.OWLOntologyManagerImpl.loadOntology(OWLOntologyManagerImpl.java:1055)"
1bb771b6-f131-46af-9cde-4294fb600b0c_twork_v0.1.owl,MIS_128,parse,FAIL,ClassExpression,"Problem parsing inputstream:ontology15931275138517 Could not parse ontology.  Either a suitable parser could not be found, or parsing failed.  See parser logs below for explanation. The following parsers were tried: 1) it.poliba.sisinflab.protocowl.ProtocOWLParser@42c0d1ad   Detailed logs: -------------------------------------------------------------------------------- Parser: it.poliba.sisinflab.protocowl.ProtocOWLParser@42c0d1ad     Stack trace: Unsupported ClassExpression type: 16        it.poliba.sisinflab.protocowl.Parser.parseClassExpression(Parser.java:576)         it.poliba.sisinflab.protocowl.Parser.parseClassExpression(Parser.java:523)         it.poliba.sisinflab.protocowl.Parser.parseClassAssertion(Parser.java:462)         it.poliba.sisinflab.protocowl.Parser.parseFrame(Parser.java:182)         it.poliba.sisinflab.protocowl.Parser.parse(Parser.java:45)         it.poliba.sisinflab.protocowl.ProtocOWLParser.parse(ProtocOWLParser.java:37)         uk.ac.manchester.cs.owl.owlapi.OWLOntologyFactoryImpl.loadOWLOntology(OWLOntologyFactoryImpl.java:195)         uk.ac.manchester.cs.owl.owlapi.OWLOntologyManagerImpl.load(OWLOntologyManagerImpl.java:1105)         uk.ac.manchester.cs.owl.owlapi.OWLOntologyManagerImpl.loadOntology(OWLOntologyManagerImpl.java:1055)         uk.ac.manchester.cs.owl.owlapi.OWLOntologyManagerImpl.loadOntologyFromOntologyDocument(OWLOntologyManagerImpl.java:1005)"
1bb771b6-f131-46af-9cde-4294fb600b0c_twork_v0.1.owl,functional,render,OK,,
1bb771b6-f131-46af-9cde-4294fb600b0c_twork_v0.1.owl,std,parse,FAIL,ClassExpression,"Problem parsing inputstream:ontology15931275138516 Could not parse ontology.  Either a suitable parser could not be found, or parsing failed.  See parser logs below for explanation. The following parsers were tried: 1) it.poliba.sisinflab.protocowl.ProtocOWLParser@29488236   Detailed logs: -------------------------------------------------------------------------------- Parser: it.poliba.sisinflab.protocowl.ProtocOWLParser@29488236     Stack trace: Unsupported ClassExpression type: 16        it.poliba.sisinflab.protocowl.Parser.parseClassExpression(Parser.java:576)         it.poliba.sisinflab.protocowl.Parser.parseClassExpression(Parser.java:523)         it.poliba.sisinflab.protocowl.Parser.parseClassAssertion(Parser.java:462)         it.poliba.sisinflab.protocowl.Parser.parseFrame(Parser.java:182)         it.poliba.sisinflab.protocowl.Parser.parse(Parser.java:45)         it.poliba.sisinflab.protocowl.ProtocOWLParser.parse(ProtocOWLParser.java:37)         uk.ac.manchester.cs.owl.owlapi.OWLOntologyFactoryImpl.loadOWLOntology(OWLOntologyFactoryImpl.java:195)         uk.ac.manchester.cs.owl.owlapi.OWLOntologyManagerImpl.load(OWLOntologyManagerImpl.java:1105)         uk.ac.manchester.cs.owl.owlapi.OWLOntologyManagerImpl.loadOntology(OWLOntologyManagerImpl.java:1055)         uk.ac.manchester.cs.owl.owlapi.OWLOntologyManagerImpl.loadOntologyFromOntologyDocument(OWLOntologyManagerImpl.java:1005)"
2445e055-6dd4-4787-ba1e-0e20739a30e4_LUMO.owl,MIS_128,parse,FAIL,Identifier,"Problem parsing inputstream:ontology15931275138520 Could not parse ontology.  Either a suitable parser could not be found, or parsing failed.  See parser logs below for explanation. The following parsers were tried: 1) it.poliba.sisinflab.protocowl.ProtocOWLParser@6cd846d6   Detailed logs: -------------------------------------------------------------------------------- Parser: it.poliba.sisinflab.protocowl.ProtocOWLParser@6cd846d6     Stack trace: Identifier index out of bounds: 15        it.poliba.sisinflab.protocowl.Parser.getIdentifier(Parser.java:675)         it.poliba.sisinflab.protocowl.Parser.parseObjectPropertyExpression(Parser.java:586)         it.poliba.sisinflab.protocowl.Parser.parseClassExpression(Parser.java:539)         it.poliba.sisinflab.protocowl.Parser.parseClassAssertion(Parser.java:462)         it.poliba.sisinflab.protocowl.Parser.parseFrame(Parser.java:182)         it.poliba.sisinflab.protocowl.Parser.parse(Parser.java:45)         it.poliba.sisinflab.protocowl.ProtocOWLParser.parse(ProtocOWLParser.java:37)         uk.ac.manchester.cs.owl.owlapi.OWLOntologyFactoryImpl.loadOWLOntology(OWLOntologyFactoryImpl.java:195)         uk.ac.manchester.cs.owl.owlapi.OWLOntologyManagerImpl.load(OWLOntologyManagerImpl.java:1105)         uk.ac.manchester.cs.owl.owlapi.OWLOntologyManagerImpl.loadOntology(OWLOntologyManagerImpl.java:1055)"
2445e055-6dd4-4787-ba1e-0e20739a30e4_LUMO.owl,functional,render,OK,,
2445e055-6dd4-4787-ba1e-0e20739a30e4_LUMO.owl,std,parse,FAIL,Identifier,"Problem parsing inputstream:ontology15931275138519 Could not parse ontology.  Either a suitable parser could not be found, or parsing failed.  See parser logs below for explanation. The following parsers were tried: 1) it.poliba.sisinflab.protocowl.ProtocOWLParser@5f069c15   Detailed logs: -------------------------------------------------------------------------------- Parser: it.poliba.sisinflab.protocowl.ProtocOWLParser@5f069c15     Stack trace: Identifier index out of bounds: 15        it.poliba.sisinflab.protocowl.Parser.getIdentifier(Parser.java:675)         it.poliba.sisinflab.protocowl.Parser.parseObjectPropertyExpression(Parser.java:586)         it.poliba.sisinflab.protocowl.Parser.parseClassExpression(Parser.java:539)         it.poliba.sisinflab.protocowl.Parser.parseClassAssertion(Parser.java:462)         it.poliba.sisinflab.protocowl.Parser.parseFrame(Parser.java:182)         it.poliba.sisinflab.protocowl.Parser.parse(Parser.java:45)         it.poliba.sisinflab.protocowl.ProtocOWLParser.parse(ProtocOWLParser.java:37)         uk.ac.manchester.cs.owl.owlapi.OWLOntologyFactoryImpl.loadOWLOntology(OWLOntologyFactoryImpl.java:195)         uk.ac.manchester.cs.owl.owlapi.OWLOntologyManagerImpl.load(OWLOntologyManagerImpl.java:1105)         uk.ac.manchester.cs.owl.owlapi.OWLOntologyManagerImpl.loadOntology(OWLOntologyManagerImpl.java:1055)"
2577736a-db03-46fc-9362-274e3af66718_propreo.obo,MIS_128,parse,FAIL,Identifier,"Problem parsing inputstream:ontology15931275138523 Could not parse ontology.  Either a suitable parser could not be found, or parsing failed.  See parser logs below for explanation. The following parsers were tried: 1) it.poliba.sisinflab.protocowl.ProtocOWLParser@77f6a462   Detailed logs: -------------------------------------------------------------------------------- Parser: it.poliba.sisinflab.protocowl.ProtocOWLParser@77f6a462     Stack trace: Identifier index out of bounds: 111        it.poliba.sisinflab.protocowl.Parser.getIdentifier(Parser.java:675)         it.poliba.sisinflab.protocowl.Parser.parseIndividual(Parser.java:605)         it.poliba.sisinflab.protocowl.Parser.parseClassExpression(Parser.java:528)         it.poliba.sisinflab.protocowl.Parser.parseClassAssertion(Parser.java:462)         it.poliba.sisinflab.protocowl.Parser.parseFrame(Parser.java:182)         it.poliba.sisinflab.protocowl.Parser.parse(Parser.java:45)         it.poliba.sisinflab.protocowl.ProtocOWLParser.parse(ProtocOWLParser.java:37)         uk.ac.manchester.cs.owl.owlapi.OWLOntologyFactoryImpl.loadOWLOntology(OWLOntologyFactoryImpl.java:195)         uk.ac.manchester.cs.owl.owlapi.OWLOntologyManagerImpl.load(OWLOntologyManagerImpl.java:1105)         uk.ac.manchester.cs.owl.owlapi.OWLOntologyManagerImpl.loadOntology(OWLOntologyManagerImpl.java:1055)"
2577736a-db03-46fc-9362-274e3af66718_propreo.obo,functional,render,OK,,
2577736a-db03-46fc-9362-274e3af66718_propreo.obo,std,parse,FAIL,Identifier,"Problem parsing inputstream:ontology15931275138522 Could not parse ontology.  Either a suitable parser could not be found, or parsing failed.  See parser logs below for explanation. The following parsers were tried: 1) it.poliba.sisinflab.protocowl.ProtocOWLParser@684e651f   Detailed logs: -------------------------------------------------------------------------------- Parser: it.poliba.sisinflab.protocowl.ProtocOWLParser@684e651f     Stack trace: Identifier index out of bounds: 111        it.poliba.sisinflab.protocowl.Parser.getIdentifier(Parser.java:675)         it.poliba.sisinflab.protocowl.Parser.parseIndividual(Parser.java:605)         it.poliba.sisinflab.protocowl.Parser.parseClassExpression(Parser.java:528)         it.poliba.sisinflab.protocowl.Parser.parseClassAssertion(Parser.java:462)         it.poliba.sisinflab.protocowl.Parser.parseFrame(Parser.java:182)         it.poliba.sisinflab.protocowl.Parser.parse(Parser.java:45)         it.poliba.sisinflab.protocowl.ProtocOWLParser.parse(ProtocOWLParser.java:37)         uk.ac.manchester.cs.owl.owlapi.OWLOntologyFactoryImpl.loadOWLOntology(OWLOntologyFactoryImpl.java:195)         uk.ac.manchester.cs.owl.owlapi.OWLOntologyManagerImpl.load(OWLOntologyManagerImpl.java:1105)         uk.ac.manchester.cs.owl.owlapi.OWLOntologyManagerImpl.loadOntology(OWLOntologyManagerImpl.java:1055)"
32d8a12b-5c75-4d62-a3a2-b3bc235d506d_expression.owl,MIS_128,parse,FAIL,Identifier,"Problem parsing inputstream:ontology15931275138526 Could not parse ontology.  Either a suitable parser could not be found, or parsing failed.  See parser logs below for explanation. The following parsers were tried: 1) it.poliba.sisinflab.protocowl.ProtocOWLParser@50c98654   Detailed logs: -------------------------------------------------------------------------------- Parser: it.poliba.sisinflab.protocowl.ProtocOWLParser@50c98654     Stack trace: Identifier index out of bounds: 15        it.poliba.sisinflab.protocowl.Parser.getIdentifier(Parser.java:675)         it.poliba.sisinflab.protocowl.Parser.parseObjectPropertyExpression(Parser.java:586)         it.poliba.sisinflab.protocowl.Parser.parseClassExpression(Parser.java:535)         it.poliba.sisinflab.protocowl.Parser.parseClassAssertion(Parser.java:462)         it.poliba.sisinflab.protocowl.Parser.parseFrame(Parser.java:182)         it.poliba.sisinflab.protocowl.Parser.parse(Parser.java:45)         it.poliba.sisinflab.protocowl.ProtocOWLParser.parse(ProtocOWLParser.java:37)         uk.ac.manchester.cs.owl.owlapi.OWLOntologyFactoryImpl.loadOWLOntology(OWLOntologyFactoryImpl.java:195)         uk.ac.manchester.cs.owl.owlapi.OWLOntologyManagerImpl.load(OWLOntologyManagerImpl.java:1105)         uk.ac.manchester.cs.owl.owlapi.OWLOntologyManagerImpl.loadOntology(OWLOntologyManagerImpl.java:1055)"
32d8a12b-5c75-4d62-a3a2-b3bc235d506d_expression.owl,functional,render,OK,,
32d8a12b-5c75-4d62-a3a2-b3bc235d506d_expression.owl,std,parse,FAIL,Identifier,"Problem parsing inputstream:ontology15931275138525 Could not parse ontology.  Either a suitable parser could not be found, or parsing failed.  See parser logs below for explanation. The following parsers were tried: 1) it.poliba.sisinflab.protocowl.ProtocOWLParser@110fbd78   Detailed logs: -------------------------------------------------------------------------------- Parser: it.poliba.sisinflab.protocowl.ProtocOWLParser@110fbd78     Stack trace: Identifier index out of bounds: 15        it.poliba.sisinflab.protocowl.Parser.getIdentifier(Parser.java:675)         it.poliba.sisinflab.protocowl.Parser.parseObjectPropertyExpression(Parser.java:586)         it.poliba.sisinflab.protocowl.Parser.parseClassExpression(Parser.java:535)         it.poliba.sisinflab.protocowl.Parser.parseClassAssertion(Parser.java:462)         it.poliba.sisinflab.protocowl.Parser.parseFrame(Parser.java:182)         it.poliba.sisinflab.protocowl.Parser.parse(Parser.java:45)         it.poliba.sisinflab.protocowl.ProtocOWLParser.parse(ProtocOWLParser.java:37)         uk.ac.manchester.cs.owl.owlapi.OWLOntologyFactoryImpl.loadOWLOntology(OWLOntologyFactoryImpl.java:195)         uk.ac.manchester.cs.owl.owlapi.OWLOntologyManagerImpl.load(OWLOntologyManagerImpl.java:1105)         uk.ac.manchester.cs.owl.owlapi.OWLOntologyManagerImpl.loadOntology(OWLOntologyManagerImpl.java:1055)"
32f6e531-f8f3-4bb3-a0f7-25c664c6acba_ecule_role.owl,MIS_128,parse,FAIL,Identifier,"Problem parsing inputstream:ontology15931275138529 Could not parse ontology.  Either a suitable parser could not be found, or parsing failed.  See parser logs below for explanation. The following parsers were tried: 1) it.poliba.sisinflab.protocowl.ProtocOWLParser@1e03224d   Detailed logs: -------------------------------------------------------------------------------- Parser: it.poliba.sisinflab.protocowl.ProtocOWLParser@1e03224d     Stack trace: Identifier index out of bounds: 15        it.poliba.sisinflab.protocowl.Parser.getIdentifier(Parser.java:675)         it.poliba.sisinflab.protocowl.Parser.parseObjectPropertyExpression(Parser.java:586)         it.poliba.sisinflab.protocowl.Parser.parseClassExpression(Parser.java:535)         it.poliba.sisinflab.protocowl.Parser.parseClassAssertion(Parser.java:462)         it.poliba.sisinflab.protocowl.Parser.parseFrame(Parser.java:182)         it.poliba.sisinflab.protocowl.Parser.parse(Parser.java:45)         it.poliba.sisinflab.protocowl.ProtocOWLParser.parse(ProtocOWLParser.java:37)         uk.ac.manchester.cs.owl.owlapi.OWLOntologyFactoryImpl.loadOWLOntology(OWLOntologyFactoryImpl.java:195)         uk.ac.manchester.cs.owl.owlapi.OWLOntologyManagerImpl.load(OWLOntologyManagerImpl.java:1105)         uk.ac.manchester.cs.owl.owlapi.OWLOntologyManagerImpl.loadOntology(OWLOntologyManagerImpl.java:1055)"
32f6e531-f8f3-4bb3-a0f7-25c664c6acba_ecule_role.owl,functional,render,OK,,
32f6e531-f8f3-4bb3-a0f7-25c664c6acba_ecule_role.owl,std,parse,FAIL,Identifier,"Problem parsing inputstream:ontology15931275138528 Could not parse ontology.  Either a suitable parser could not be found, or parsing failed.  See parser logs below for explanation. The following parsers were tried: 1) it.poliba.sisinflab.protocowl.ProtocOWLParser@10c9cba7   Detailed logs: -------------------------------------------------------------------------------- Parser: it.poliba.sisinflab.protocowl.ProtocOWLParser@10c9cba7     Stack trace: Identifier index out of bounds: 15        it.poliba.sisinflab.protocowl.Parser.getIdentifier(Parser.java:675)         it.poliba.sisinflab.protocowl.Parser.parseObjectPropertyExpression(Parser.java:586)         it.poliba.sisinflab.protocowl.Parser.parseClassExpression(Parser.java:535)         it.poliba.sisinflab.protocowl.Parser.parseClassAssertion(Parser.java:462)         it.poliba.sisinflab.protocowl.Parser.parseFrame(Parser.java:182)         it.poliba.sisinflab.protocowl.Parser.parse(Parser.java:45)         it.poliba.sisinflab.protocowl.ProtocOWLParser.parse(ProtocOWLParser.java:37)         uk.ac.manchester.cs.owl.owlapi.OWLOntologyFactoryImpl.loadOWLOntology(OWLOntologyFactoryImpl.java:195)         uk.ac.manchester.cs.owl.owlapi.OWLOntologyManagerImpl.load(OWLOntologyManagerImpl.java:1105)         uk.ac.manchester.cs.owl.owlapi.OWLOntologyManagerImpl.loadOntology(OWLOntologyManagerImpl.java:1055)"
345a9eac-24b5-4761-9a45-b98c29484458_sadiobjects.owl,MIS_128,parse,FAIL,Identifier,"Problem parsing inputstream:ontology15931275138532 Could not parse ontology.  Either a suitable parser could not be found, or parsing failed.  See parser logs below for explanation. The following parsers were tried: 1) it.poliba.sisinflab.protocowl.ProtocOWLParser@3a001cb5   Detailed logs: -------------------------------------------------------------------------------- Parser: it.poliba.sisinflab.protocowl.ProtocOWLParser@3a001cb5     Stack trace: Identifier index out of bounds: 15        it.poliba.sisinflab.protocowl.Parser.getIdentifier(Parser.java:675)         it.poliba.sisinflab.protocowl.Parser.parseObjectPropertyExpression(Parser.java:586)         it.poliba.sisinflab.protocowl.Parser.parseClassExpression(Parser.java:535)         it.poliba.sisinflab.protocowl.Parser.parseClassAssertion(Parser.java:462)         it.poliba.sisinflab.protocowl.Parser.parseFrame(Parser.java:182)         it.poliba.sisinflab.protocowl.Parser.parse(Parser.java:45)         it.poliba.sisinflab.protocowl.ProtocOWLParser.parse(ProtocOWLParser.java:37)         uk.ac.manchester.cs.owl.owlapi.OWLOntologyFactoryImpl.loadOWLOntology(OWLOntologyFactoryImpl.java:195)         uk.ac.manchester.cs.owl.owlapi.OWLOntologyManagerImpl.load(OWLOntologyManagerImpl.java:1105)         uk.ac.manchester.cs.owl.owlapi.OWLOntologyManagerImpl.loadOntology(OWLOntologyManagerImpl.java:1055)"
345a9eac-24b5-4761-9a45-b98c29484458_sadiobjects.owl,functional,render,FAIL,Literal,java.io.IOException: Espressione non supportata: DataExactCardinality(1 <file:/media/nico/Seagate%20Expansion%20Drive/phd_data/data/2013.05.12_unduplicated_filtered_snapshot/semantic/byteunique/owlxmlunique/345a9eac-24b5-4761-9a45-b98c29484458_sadiobjects.owl#hasRow_position> rdfs:Literal)
345a9eac-24b5-4761-9a45-b98c29484458_sadiobjects.owl,std,parse,FAIL,Identifier,"Problem parsing inputstream:ontology15931275138531 Could not parse ontology.  Either a suitable parser could not be found, or parsing failed.  See parser logs below for explanation. The following parsers were tried: 1) it.poliba.sisinflab.protocowl.ProtocOWLParser@3a8dc315   Detailed logs: -------------------------------------------------------------------------------- Parser: it.poliba.sisinflab.protocowl.ProtocOWLParser@3a8dc315     Stack trace: Identifier index out of bounds: 15        it.poliba.sisinflab.protocowl.Parser.getIdentifier(Parser.java:675)         it.poliba.sisinflab.protocowl.Parser.parseObjectPropertyExpression(Parser.java:586)         it.poliba.sisinflab.protocowl.Parser.parseClassExpression(Parser.java:535)         it.poliba.sisinflab.protocowl.Parser.parseClassAssertion(Parser.java:462)         it.poliba.sisinflab.protocowl.Parser.parseFrame(Parser.java:182)         it.poliba.sisinflab.protocowl.Parser.parse(Parser.java:45)         it.poliba.sisinflab.protocowl.ProtocOWLParser.parse(ProtocOWLParser.java:37)         uk.ac.manchester.cs.owl.owlapi.OWLOntologyFactoryImpl.loadOWLOntology(OWLOntologyFactoryImpl.java:195)         uk.ac.manchester.cs.owl.owlapi.OWLOntologyManagerImpl.load(OWLOntologyManagerImpl.java:1105)         uk.ac.manchester.cs.owl.owlapi.OWLOntologyManagerImpl.loadOntology(OWLOntologyManagerImpl.java:1055)"
3a8b11c8-7efa-4dbb-9dfe-5acd4b18df60_rsimplegaf.obo,MIS_128,parse,FAIL,Identifier,"Problem parsing inputstream:ontology15931275138535 Could not parse ontology.  Either a suitable parser could not be found, or parsing failed.  See parser logs below for explanation. The following parsers were tried: 1) it.poliba.sisinflab.protocowl.ProtocOWLParser@2ebb7c27   Detailed logs: -------------------------------------------------------------------------------- Parser: it.poliba.sisinflab.protocowl.ProtocOWLParser@2ebb7c27     Stack trace: Identifier index out of bounds: 15        it.poliba.sisinflab.protocowl.Parser.getIdentifier(Parser.java:675)         it.poliba.sisinflab.protocowl.Parser.parseObjectPropertyExpression(Parser.java:586)         it.poliba.sisinflab.protocowl.Parser.parseClassExpression(Parser.java:531)         it.poliba.sisinflab.protocowl.Parser.parseClassAssertion(Parser.java:462)         it.poliba.sisinflab.protocowl.Parser.parseFrame(Parser.java:182)         it.poliba.sisinflab.protocowl.Parser.parse(Parser.java:45)         it.poliba.sisinflab.protocowl.ProtocOWLParser.parse(ProtocOWLParser.java:37)         uk.ac.manchester.cs.owl.owlapi.OWLOntologyFactoryImpl.loadOWLOntology(OWLOntologyFactoryImpl.java:195)         uk.ac.manchester.cs.owl.owlapi.OWLOntologyManagerImpl.load(OWLOntologyManagerImpl.java:1105)         uk.ac.manchester.cs.owl.owlapi.OWLOntologyManagerImpl.loadOntology(OWLOntologyManagerImpl.java:1055)"
3a8b11c8-7efa-4dbb-9dfe-5acd4b18df60_rsimplegaf.obo,functional,render,OK,,
3a8b11c8-7efa-4dbb-9dfe-5acd4b18df60_rsimplegaf.obo,std,parse,FAIL,Identifier,"Problem parsing inputstream:ontology15931275138534 Could not parse ontology.  Either a suitable parser could not be found, or parsing failed.  See parser logs below for explanation. The following parsers were tried: 1) it.poliba.sisinflab.protocowl.ProtocOWLParser@679064c7   Detailed logs: -------------------------------------------------------------------------------- Parser: it.poliba.sisinflab.protocowl.ProtocOWLParser@679064c7     Stack trace: Identifier index out of bounds: 15        it.poliba.sisinflab.protocowl.Parser.getIdentifier(Parser.java:675)         it.poliba.sisinflab.protocowl.Parser.parseObjectPropertyExpression(Parser.java:586)         it.poliba.sisinflab.protocowl.Parser.parseClassExpression(Parser.java:531)         it.poliba.sisinflab.protocowl.Parser.parseClassAssertion(Parser.java:462)         it.poliba.sisinflab.protocowl.Parser.parseFrame(Parser.java:182)         it.poliba.sisinflab.protocowl.Parser.parse(Parser.java:45)         it.poliba.sisinflab.protocowl.ProtocOWLParser.parse(ProtocOWLParser.java:37)         uk.ac.manchester.cs.owl.owlapi.OWLOntologyFactoryImpl.loadOWLOntology(OWLOntologyFactoryImpl.java:195)         uk.ac.manchester.cs.owl.owlapi.OWLOntologyManagerImpl.load(OWLOntologyManagerImpl.java:1105)         uk.ac.manchester.cs.owl.owlapi.OWLOntologyManagerImpl.loadOntology(OWLOntologyManagerImpl.java:1055)"
40ffe51e-eda2-4415-9d0e-973629b32524_EHDAA,MIS_128,parse,FAIL,Identifier,"Problem parsing inputstream:ontology15931275138538 Could not parse ontology.  Either a suitable parser could not be found, or parsing failed.  See parser logs below for explanation. The following parsers were tried: 1) it.poliba.sisinflab.protocowl.ProtocOWLParser@4cba76ed   Detailed logs: -------------------------------------------------------------------------------- Parser: it.poliba.sisinflab.protocowl.ProtocOWLParser@4cba76ed     Stack trace: Identifier index out of bounds: 15        it.poliba.sisinflab.protocowl.Parser.getIdentifier(Parser.java:675)         it.poliba.sisinflab.protocowl.Parser.parseObjectPropertyExpression(Parser.java:586)         it.poliba.sisinflab.protocowl.Parser.parseClassExpression(Parser.java:539)         it.poliba.sisinflab.protocowl.Parser.parseClassAssertion(Parser.java:462)         it.poliba.sisinflab.protocowl.Parser.parseFrame(Parser.java:182)         it.poliba.sisinflab.protocowl.Parser.parse(Parser.java:45)         it.poliba.sisinflab.protocowl.ProtocOWLParser.parse(ProtocOWLParser.java:37)         uk.ac.manchester.cs.owl.owlapi.OWLOntologyFactoryImpl.loadOWLOntology(OWLOntologyFactoryImpl.java:195)         uk.ac.manchester.cs.owl.owlapi.OWLOntologyManagerImpl.load(OWLOntologyManagerImpl.java:1105)         uk.ac.manchester.cs.owl.owlapi.OWLOntologyManagerImpl.loadOntology(OWLOntologyManagerImpl.java:1055)"
40ffe51e-eda2-4415-9d0e-973629b32524_EHDAA,functional,render,OK,,
40ffe51e-eda2-4415-9d0e-973629b32524_EHDAA,std,parse,FAIL,Identifier,"Problem parsing inputstream:ontology15931275138537 Could not parse ontology.  Either a suitable parser could not be found, or parsing failed.  See parser logs below for explanation. The following parsers were tried: 1) it.poliba.sisinflab.protocowl.ProtocOWLParser@2cd0baea   Detailed logs: -------------------------------------------------------------------------------- Parser: it.poliba.sisinflab.protocowl.ProtocOWLParser@2cd0baea     Stack trace: Identifier index out of bounds: 15        it.poliba.sisinflab.protocowl.Parser.getIdentifier(Parser.java:675)         it.poliba.sisinflab.protocowl.Parser.parseObjectPropertyExpression(Parser.java:586)         it.poliba.sisinflab.protocowl.Parser.parseClassExpression(Parser.java:539)         it.poliba.sisinflab.protocowl.Parser.parseClassAssertion(Parser.java:462)         it.poliba.sisinflab.protocowl.Parser.parseFrame(Parser.java:182)         it.poliba.sisinflab.protocowl.Parser.parse(Parser.java:45)         it.poliba.sisinflab.protocowl.ProtocOWLParser.parse(ProtocOWLParser.java:37)         uk.ac.manchester.cs.owl.owlapi.OWLOntologyFactoryImpl.loadOWLOntology(OWLOntologyFactoryImpl.java:195)         uk.ac.manchester.cs.owl.owlapi.OWLOntologyManagerImpl.load(OWLOntologyManagerImpl.java:1105)         uk.ac.manchester.cs.owl.owlapi.OWLOntologyManagerImpl.loadOntology(OWLOntologyManagerImpl.java:1055)"
419e8422-f608-478b-9ce7-f551abb20172_sgenechrom.owl,MIS_128,parse,FAIL,ClassExpression,"Problem parsing inputstream:ontology15931275138541 Could not parse ontology.  Either a suitable parser could not be found, or parsing failed.  See parser logs below for explanation. The following parsers were tried: 1) it.poliba.sisinflab.protocowl.ProtocOWLParser@4a870b46   Detailed logs: -------------------------------------------------------------------------------- Parser: it.poliba.sisinflab.protocowl.ProtocOWLParser@4a870b46     Stack trace: Unsupported ClassExpression type: 16        it.poliba.sisinflab.protocowl.Parser.parseClassExpression(Parser.java:576)         it.poliba.sisinflab.protocowl.Parser.parseClassExpression(Parser.java:523)         it.poliba.sisinflab.protocowl.Parser.parseClassAssertion(Parser.java:462)         it.poliba.sisinflab.protocowl.Parser.parseFrame(Parser.java:182)         it.poliba.sisinflab.protocowl.Parser.parse(Parser.java:45)         it.poliba.sisinflab.protocowl.ProtocOWLParser.parse(ProtocOWLParser.java:37)         uk.ac.manchester.cs.owl.owlapi.OWLOntologyFactoryImpl.loadOWLOntology(OWLOntologyFactoryImpl.java:195)         uk.ac.manchester.cs.owl.owlapi.OWLOntologyManagerImpl.load(OWLOntologyManagerImpl.java:1105)         uk.ac.manchester.cs.owl.owlapi.OWLOntologyManagerImpl.loadOntology(OWLOntologyManagerImpl.java:1055)         uk.ac.manchester.cs.owl.owlapi.OWLOntologyManagerImpl.loadOntologyFromOntologyDocument(OWLOntologyManagerImpl.java:1005)"
419e8422-f608-478b-9ce7-f551abb20172_sgenechrom.owl,functional,render,OK,,
419e8422-f608-478b-9ce7-f551abb20172_sgenechrom.owl,std,parse,FAIL,ClassExpression,"Problem parsing inputstream:ontology15931275138540 Could not parse ontology.  Either a suitable parser could not be found, or parsing failed.  See parser logs below for explanation. The following parsers were tried: 1) it.poliba.sisinflab.protocowl.ProtocOWLParser@3d580f2   Detailed logs: -------------------------------------------------------------------------------- Parser: it.poliba.sisinflab.protocowl.ProtocOWLParser@3d580f2     Stack trace: Unsupported ClassExpression type: 16        it.poliba.sisinflab.protocowl.Parser.parseClassExpression(Parser.java:576)         it.poliba.sisinflab.protocowl.Parser.parseClassExpression(Parser.java:523)         it.poliba.sisinflab.protocowl.Parser.parseClassAssertion(Parser.java:462)         it.poliba.sisinflab.protocowl.Parser.parseFrame(Parser.java:182)         it.poliba.sisinflab.protocowl.Parser.parse(Parser.java:45)         it.poliba.sisinflab.protocowl.ProtocOWLParser.parse(ProtocOWLParser.java:37)         uk.ac.manchester.cs.owl.owlapi.OWLOntologyFactoryImpl.loadOWLOntology(OWLOntologyFactoryImpl.java:195)         uk.ac.manchester.cs.owl.owlapi.OWLOntologyManagerImpl.load(OWLOntologyManagerImpl.java:1105)         uk.ac.manchester.cs.owl.owlapi.OWLOntologyManagerImpl.loadOntology(OWLOntologyManagerImpl.java:1055)         uk.ac.manchester.cs.owl.owlapi.OWLOntologyManagerImpl.loadOntologyFromOntologyDocument(OWLOntologyManagerImpl.java:1005)"
4859c215-f75d-42bf-8520-d0caf9dde442_caro.owl,MIS_128,parse,FAIL,Identifier,"Problem parsing inputstream:ontology15931275138544 Could not parse ontology.  Either a suitable parser could not be found, or parsing failed.  See parser logs below for explanation. The following parsers were tried: 1) it.poliba.sisinflab.protocowl.ProtocOWLParser@66831117   Detailed logs: -------------------------------------------------------------------------------- Parser: it.poliba.sisinflab.protocowl.ProtocOWLParser@66831117     Stack trace: Identifier index out of bounds: 15        it.poliba.sisinflab.protocowl.Parser.getIdentifier(Parser.java:675)         it.poliba.sisinflab.protocowl.Parser.parseObjectPropertyExpression(Parser.java:586)         it.poliba.sisinflab.protocowl.Parser.parseClassExpression(Parser.java:531)         it.poliba.sisinflab.protocowl.Parser.parseClassAssertion(Parser.java:462)         it.poliba.sisinflab.protocowl.Parser.parseFrame(Parser.java:182)         it.poliba.sisinflab.protocowl.Parser.parse(Parser.java:45)         it.poliba.sisinflab.protocowl.ProtocOWLParser.parse(ProtocOWLParser.java:37)         uk.ac.manchester.cs.owl.owlapi.OWLOntologyFactoryImpl.loadOWLOntology(OWLOntologyFactoryImpl.java:195)         uk.ac.manchester.cs.owl.owlapi.OWLOntologyManagerImpl.load(OWLOntologyManagerImpl.java:1105)         uk.ac.manchester.cs.owl.owlapi.OWLOntologyManagerImpl.loadOntology(OWLOntologyManagerImpl.java:1055)"
4859c215-f75d-42bf-8520-d0caf9dde442_caro.owl,functional,render,OK,,
4859c215-f75d-42bf-8520-d0caf9dde442_caro.owl,std,parse,FAIL,Identifier,"Problem parsing inputstream:ontology15931275138543 Could not parse ontology.  Either a suitable parser could not be found, or parsing failed.  See parser logs below for explanation. The following parsers were tried: 1) it.poliba.sisinflab.protocowl.ProtocOWLParser@6aa0ee4c   Detailed logs: -------------------------------------------------------------------------------- Parser: it.poliba.sisinflab.protocowl.ProtocOWLParser@6aa0ee4c     Stack trace: Identifier index out of bounds: 15        it.poliba.sisinflab.protocowl.Parser.getIdentifier(Parser.java:675)         it.poliba.sisinflab.protocowl.Parser.parseObjectPropertyExpression(Parser.java:586)         it.poliba.sisinflab.protocowl.Parser.parseClassExpression(Parser.java:531)         it.poliba.sisinflab.protocowl.Parser.parseClassAssertion(Parser.java:462)         it.poliba.sisinflab.protocowl.Parser.parseFrame(Parser.java:182)         it.poliba.sisinflab.protocowl.Parser.parse(Parser.java:45)         it.poliba.sisinflab.protocowl.ProtocOWLParser.parse(ProtocOWLParser.java:37)         uk.ac.manchester.cs.owl.owlapi.OWLOntologyFactoryImpl.loadOWLOntology(OWLOntologyFactoryImpl.java:195)         uk.ac.manchester.cs.owl.owlapi.OWLOntologyManagerImpl.load(OWLOntologyManagerImpl.java:1105)         uk.ac.manchester.cs.owl.owlapi.OWLOntologyManagerImpl.loadOntology(OWLOntologyManagerImpl.java:1055)"
4a8a1268-458c-4f75-8a90-6e0a7c24cfe2_fyposimple.obo,MIS_128,parse,FAIL,Identifier,"Problem parsing inputstream:ontology15931275138547 Could not parse ontology.  Either a suitable parser could not be found, or parsing failed.  See parser logs below for explanation. The following parsers were tried: 1) it.poliba.sisinflab.protocowl.ProtocOWLParser@3bf38a24   Detailed logs: -------------------------------------------------------------------------------- Parser: it.poliba.sisinflab.protocowl.ProtocOWLParser@3bf38a24     Stack trace: Identifier index out of bounds: 111        it.poliba.sisinflab.protocowl.Parser.getIdentifier(Parser.java:675)         it.poliba.sisinflab.protocowl.Parser.parseIndividual(Parser.java:605)         it.poliba.sisinflab.protocowl.Parser.parseClassExpression(Parser.java:528)         it.poliba.sisinflab.protocowl.Parser.parseClassAssertion(Parser.java:462)         it.poliba.sisinflab.protocowl.Parser.parseFrame(Parser.java:182)         it.poliba.sisinflab.protocowl.Parser.parse(Parser.java:45)         it.poliba.sisinflab.protocowl.ProtocOWLParser.parse(ProtocOWLParser.java:37)         uk.ac.manchester.cs.owl.owlapi.OWLOntologyFactoryImpl.loadOWLOntology(OWLOntologyFactoryImpl.java:195)         uk.ac.manchester.cs.owl.owlapi.OWLOntologyManagerImpl.load(OWLOntologyManagerImpl.java:1105)         uk.ac.manchester.cs.owl.owlapi.OWLOntologyManagerImpl.loadOntology(OWLOntologyManagerImpl.java:1055)"
4a8a1268-458c-4f75-8a90-6e0a7c24cfe2_fyposimple.obo,functional,render,OK,,
4a8a1268-458c-4f75-8a90-6e0a7c24cfe2_fyposimple.obo,std,parse,FAIL,Identifier,"Problem parsing inputstream:ontology15931275138546 Could not parse ontology.  Either a suitable parser could not be found, or parsing failed.  See parser logs below for explanation. The following parsers were tried: 1) it.poliba.sisinflab.protocowl.ProtocOWLParser@102f355f   Detailed logs: -------------------------------------------------------------------------------- Parser: it.poliba.sisinflab.protocowl.ProtocOWLParser@102f355f     Stack trace: Identifier index out of bounds: 111        it.poliba.sisinflab.protocowl.Parser.getIdentifier(Parser.java:675)         it.poliba.sisinflab.protocowl.Parser.parseIndividual(Parser.java:605)         it.poliba.sisinflab.protocowl.Parser.parseClassExpression(Parser.java:528)         it.poliba.sisinflab.protocowl.Parser.parseClassAssertion(Parser.java:462)         it.poliba.sisinflab.protocowl.Parser.parseFrame(Parser.java:182)         it.poliba.sisinflab.protocowl.Parser.parse(Parser.java:45)         it.poliba.sisinflab.protocowl.ProtocOWLParser.parse(ProtocOWLParser.java:37)         uk.ac.manchester.cs.owl.owlapi.OWLOntologyFactoryImpl.loadOWLOntology(OWLOntologyFactoryImpl.java:195)         uk.ac.manchester.cs.owl.owlapi.OWLOntologyManagerImpl.load(OWLOntologyManagerImpl.java:1105)         uk.ac.manchester.cs.owl.owlapi.OWLOntologyManagerImpl.loadOntology(OWLOntologyManagerImpl.java:1055)"
50fc5b44-9af0-4540-866e-a19f5eb44a23__2010_base.owl,MIS_128,parse,FAIL,ClassExpression,"Problem parsing inputstream:ontology15931275138550 Could not parse ontology.  Either a suitable parser could not be found, or parsing failed.  See parser logs below for explanation. The following parsers were tried: 1) it.poliba.sisinflab.protocowl.ProtocOWLParser@3d2f9cc3   Detailed logs: -------------------------------------------------------------------------------- Parser: it.poliba.sisinflab.protocowl.ProtocOWLParser@3d2f9cc3     Stack trace: Unsupported ClassExpression type: 16        it.poliba.sisinflab.protocowl.Parser.parseClassExpression(Parser.java:576)         it.poliba.sisinflab.protocowl.Parser.parseClassExpression(Parser.java:523)         it.poliba.sisinflab.protocowl.Parser.parseClassAssertion(Parser.java:462)         it.poliba.sisinflab.protocowl.Parser.parseFrame(Parser.java:182)         it.poliba.sisinflab.protocowl.Parser.parse(Parser.java:45)         it.poliba.sisinflab.protocowl.ProtocOWLParser.parse(ProtocOWLParser.java:37)         uk.ac.manchester.cs.owl.owlapi.OWLOntologyFactoryImpl.loadOWLOntology(OWLOntologyFactoryImpl.java:195)         uk.ac.manchester.cs.owl.owlapi.OWLOntologyManagerImpl.load(OWLOntologyManagerImpl.java:1105)         uk.ac.manchester.cs.owl.owlapi.OWLOntologyManagerImpl.loadOntology(OWLOntologyManagerImpl.java:1055)         uk.ac.manchester.cs.owl.owlapi.OWLOntologyManagerImpl.loadOntologyFromOntologyDocument(OWLOntologyManagerImpl.java:1005)"
50fc5b44-9af0-4540-866e-a19f5eb44a23__2010_base.owl,functional,render,OK,,
50fc5b44-9af0-4540-866e-a19f5eb44a23__2010_base.owl,std,parse,FAIL,ClassExpression,"Problem parsing inputstream:ontology15931275138549 Could not parse ontology.  Either a suitable parser could not be found, or parsing failed.  See parser logs below for explanation. The following parsers were tried: 1) it.poliba.sisinflab.protocowl.ProtocOWLParser@4f85bb83   Detailed logs: -------------------------------------------------------------------------------- Parser: it.poliba.sisinflab.protocowl.ProtocOWLParser@4f85bb83     Stack trace: Unsupported ClassExpression type: 16        it.poliba.sisinflab.protocowl.Parser.parseClassExpression(Parser.java:576)         it.poliba.sisinflab.protocowl.Parser.parseClassExpression(Parser.java:523)         it.poliba.sisinflab.protocowl.Parser.parseClassAssertion(Parser.java:462)         it.poliba.sisinflab.protocowl.Parser.parseFrame(Parser.java:182)         it.poliba.sisinflab.protocowl.Parser.parse(Parser.java:45)         it.poliba.sisinflab.protocowl.ProtocOWLParser.parse(ProtocOWLParser.java:37)         uk.ac.manchester.cs.owl.owlapi.OWLOntologyFactoryImpl.loadOWLOntology(OWLOntologyFactoryImpl.java:195)         uk.ac.manchester.cs.owl.owlapi.OWLOntologyManagerImpl.load(OWLOntologyManagerImpl.java:1105)         uk.ac.manchester.cs.owl.owlapi.OWLOntologyManagerImpl.loadOntology(OWLOntologyManagerImpl.java:1055)         uk.ac.manchester.cs.owl.owlapi.OWLOntologyManagerImpl.loadOntologyFromOntologyDocument(OWLOntologyManagerImpl.java:1005)"
54bd4a53-4111-403d-8d8e-010116144168_tagenomics.owl,MIS_128,parse,FAIL,ClassExpression,"Problem parsing inputstream:ontology15931275138553 Could not parse ontology.  Either a suitable parser could not be found, or parsing failed.  See parser logs below for explanation. The following parsers were tried: 1) it.poliba.sisinflab.protocowl.ProtocOWLParser@bb68d2a   Detailed logs: -------------------------------------------------------------------------------- Parser: it.poliba.sisinflab.protocowl.ProtocOWLParser@bb68d2a     Stack trace: Unsupported ClassExpression type: 16        it.poliba.sisinflab.protocowl.Parser.parseClassExpression(Parser.java:576)         it.poliba.sisinflab.protocowl.Parser.parseClassExpression(Parser.java:523)         it.poliba.sisinflab.protocowl.Parser.parseClassAssertion(Parser.java:462)         it.poliba.sisinflab.protocowl.Parser.parseFrame(Parser.java:182)         it.poliba.sisinflab.protocowl.Parser.parse(Parser.java:45)         it.poliba.sisinflab.protocowl.ProtocOWLParser.parse(ProtocOWLParser.java:37)         uk.ac.manchester.cs.owl.owlapi.OWLOntologyFactoryImpl.loadOWLOntology(OWLOntologyFactoryImpl.java:195)         uk.ac.manchester.cs.owl.owlapi.OWLOntologyManagerImpl.load(OWLOntologyManagerImpl.java:1105)         uk.ac.manchester.cs.owl.owlapi.OWLOntologyManagerImpl.loadOntology(OWLOntologyManagerImpl.java:1055)         uk.ac.manchester.cs.owl.owlapi.OWLOntologyManagerImpl.loadOntologyFromOntologyDocument(OWLOntologyManagerImpl.java:1005)"
54bd4a53-4111-403d-8d8e-010116144168_tagenomics.owl,functional,render,OK,,
54bd4a53-4111-403d-8d8e-010116144168_tagenomics.owl,std,parse,FAIL,ClassExpression,"Problem parsing inputstream:ontology15931275138552 Could not parse ontology.  Either a suitable parser could not be found, or parsing failed.  See parser logs below for explanation. The following parsers were tried: 1) it.poliba.sisinflab.protocowl.ProtocOWLParser@419f371f   Detailed logs: -------------------------------------------------------------------------------- Parser: it.poliba.sisinflab.protocowl.ProtocOWLParser@419f371f     Stack trace: Unsupported ClassExpression type: 16        it.poliba.sisinflab.protocowl.Parser.parseClassExpression(Parser.java:576)         it.poliba.sisinflab.protocowl.Parser.parseClassExpression(Parser.java:523)         it.poliba.sisinflab.protocowl.Parser.parseClassAssertion(Parser.java:462)         it.poliba.sisinflab.protocowl.Parser.parseFrame(Parser.java:182)         it.poliba.sisinflab.protocowl.Parser.parse(Parser.java:45)         it.poliba.sisinflab.protocowl.ProtocOWLParser.parse(ProtocOWLParser.java:37)         uk.ac.manchester.cs.owl.owlapi.OWLOntologyFactoryImpl.loadOWLOntology(OWLOntologyFactoryImpl.java:195)         uk.ac.manchester.cs.owl.owlapi.OWLOntologyManagerImpl.load(OWLOntologyManagerImpl.java:1105)         uk.ac.manchester.cs.owl.owlapi.OWLOntologyManagerImpl.loadOntology(OWLOntologyManagerImpl.java:1055)         uk.ac.manchester.cs.owl.owlapi.OWLOntologyManagerImpl.loadOntologyFromOntologyDocument(OWLOntologyManagerImpl.java:1005)"
55cf17e6-2a7b-4880-a565-d62100789957_Function_1.owl,MIS_128,parse,FAIL,Identifier,"Problem parsing inputstream:ontology15931275138556 Could not parse ontology.  Either a suitable parser could not be found, or parsing failed.  See parser logs below for explanation. The following parsers were tried: 1) it.poliba.sisinflab.protocowl.ProtocOWLParser@2c8d2f4e   Detailed logs: -------------------------------------------------------------------------------- Parser: it.poliba.sisinflab.protocowl.ProtocOWLParser@2c8d2f4e     Stack trace: Identifier index out of bounds: 15        it.poliba.sisinflab.protocowl.Parser.getIdentifier(Parser.java:675)         it.poliba.sisinflab.protocowl.Parser.parseObjectPropertyExpression(Parser.java:586)         it.poliba.sisinflab.protocowl.Parser.parseClassExpression(Parser.java:535)         it.poliba.sisinflab.protocowl.Parser.parseClassAssertion(Parser.java:462)         it.poliba.sisinflab.protocowl.Parser.parseFrame(Parser.java:182)         it.poliba.sisinflab.protocowl.Parser.parse(Parser.java:45)         it.poliba.sisinflab.protocowl.ProtocOWLParser.parse(ProtocOWLParser.java:37)         uk.ac.manchester.cs.owl.owlapi.OWLOntologyFactoryImpl.loadOWLOntology(OWLOntologyFactoryImpl.java:195)         uk.ac.manchester.cs.owl.owlapi.OWLOntologyManagerImpl.load(OWLOntologyManagerImpl.java:1105)         uk.ac.manchester.cs.owl.owlapi.OWLOntologyManagerImpl.loadOntology(OWLOntologyManagerImpl.java:1055)"
55cf17e6-2a7b-4880-a565-d62100789957_Function_1.owl,functional,render,OK,,
55cf17e6-2a7b-4880-a565-d62100789957_Function_1.owl,std,parse,FAIL,Identifier,"Problem parsing inputstream:ontology15931275138555 Could not parse ontology.  Either a suitable parser could not be found, or parsing failed.  See parser logs below for explanation. The following parsers were tried: 1) it.poliba.sisinflab.protocowl.ProtocOWLParser@2be1df2d   Detailed logs: -------------------------------------------------------------------------------- Parser: it.poliba.sisinflab.protocowl.ProtocOWLParser@2be1df2d     Stack trace: Identifier index out of bounds: 15        it.poliba.sisinflab.protocowl.Parser.getIdentifier(Parser.java:675)         it.poliba.sisinflab.protocowl.Parser.parseObjectPropertyExpression(Parser.java:586)         it.poliba.sisinflab.protocowl.Parser.parseClassExpression(Parser.java:535)         it.poliba.sisinflab.protocowl.Parser.parseClassAssertion(Parser.java:462)         it.poliba.sisinflab.protocowl.Parser.parseFrame(Parser.java:182)         it.poliba.sisinflab.protocowl.Parser.parse(Parser.java:45)         it.poliba.sisinflab.protocowl.ProtocOWLParser.parse(ProtocOWLParser.java:37)         uk.ac.manchester.cs.owl.owlapi.OWLOntologyFactoryImpl.loadOWLOntology(OWLOntologyFactoryImpl.java:195)         uk.ac.manchester.cs.owl.owlapi.OWLOntologyManagerImpl.load(OWLOntologyManagerImpl.java:1105)         uk.ac.manchester.cs.owl.owlapi.OWLOntologyManagerImpl.loadOntology(OWLOntologyManagerImpl.java:1055)"
58197550-a9dd-4328-9ea0-9f26169c8e22_NIFMolecule.owl,MIS_128,parse,FAIL,ClassExpression,"Problem parsing inputstream:ontology15931275138559 Could not parse ontology.  Either a suitable parser could not be found, or parsing failed.  See parser logs below for explanation. The following parsers were tried: 1) it.poliba.sisinflab.protocowl.ProtocOWLParser@6641652   Detailed logs: -------------------------------------------------------------------------------- Parser: it.poliba.sisinflab.protocowl.ProtocOWLParser@6641652     Stack trace: Unsupported ClassExpression type: 12        it.poliba.sisinflab.protocowl.Parser.parseClassExpression(Parser.java:576)         it.poliba.sisinflab.protocowl.Parser.parseClassAssertion(Parser.java:462)         it.poliba.sisinflab.protocowl.Parser.parseFrame(Parser.java:182)         it.poliba.sisinflab.protocowl.Parser.parse(Parser.java:45)         it.poliba.sisinflab.protocowl.ProtocOWLParser.parse(ProtocOWLParser.java:37)         uk.ac.manchester.cs.owl.owlapi.OWLOntologyFactoryImpl.loadOWLOntology(OWLOntologyFactoryImpl.java:195)         uk.ac.manchester.cs.owl.owlapi.OWLOntologyManagerImpl.load(OWLOntologyManagerImpl.java:1105)         uk.ac.manchester.cs.owl.owlapi.OWLOntologyManagerImpl.loadOntology(OWLOntologyManagerImpl.java:1055)         uk.ac.manchester.cs.owl.owlapi.OWLOntologyManagerImpl.loadOntologyFromOntologyDocument(OWLOntologyManagerImpl.java:1005)         uk.ac.manchester.cs.owl.owlapi.OWLOntologyManagerImpl.loadOntologyFromOntologyDocument(OWLOntologyManagerImpl.java:1025)"
58197550-a9dd-4328-9ea0-9f26169c8e22_NIFMolecule.owl,functional,render,OK,,
58197550-a9dd-4328-9ea0-9f26169c8e22_NIFMolecule.owl,std,parse,FAIL,ClassExpression,"Problem parsing inputstream:ontology15931275138558 Could not parse ontology.  Either a suitable parser could not be found, or parsing failed.  See parser logs below for explanation. The following parsers were tried: 1) it.poliba.sisinflab.protocowl.ProtocOWLParser@a3150c7   Detailed logs: -------------------------------------------------------------------------------- Parser: it.poliba.sisinflab.protocowl.ProtocOWLParser@a3150c7     Stack trace: Unsupported ClassExpression type: 12        it.poliba.sisinflab.protocowl.Parser.parseClassExpression(Parser.java:576)         it.poliba.sisinflab.protocowl.Parser.parseClassAssertion(Parser.java:462)         it.poliba.sisinflab.protocowl.Parser.parseFrame(Parser.java:182)         it.poliba.sisinflab.protocowl.Parser.parse(Parser.java:45)         it.poliba.sisinflab.protocowl.ProtocOWLParser.parse(ProtocOWLParser.java:37)         uk.ac.manchester.cs.owl.owlapi.OWLOntologyFactoryImpl.loadOWLOntology(OWLOntologyFactoryImpl.java:195)         uk.ac.manchester.cs.owl.owlapi.OWLOntologyManagerImpl.load(OWLOntologyManagerImpl.java:1105)         uk.ac.manchester.cs.owl.owlapi.OWLOntologyManagerImpl.loadOntology(OWLOntologyManagerImpl.java:1055)         uk.ac.manchester.cs.owl.owlapi.OWLOntologyManagerImpl.loadOntologyFromOntologyDocument(OWLOntologyManagerImpl.java:1005)         uk.ac.manchester.cs.owl.owlapi.OWLOntologyManagerImpl.loadOntologyFromOntologyDocument(OWLOntologyManagerImpl.java:1025)"
5ce4039f-7515-4d22-b1b5-8cc98458c243_Mpeg72001.owl,MIS_128,parse,FAIL,Identifier,"Problem parsing inputstream:ontology15931275138562 Could not parse ontology.  Either a suitable parser could not be found, or parsing failed.  See parser logs below for explanation. The following parsers were tried: 1) it.poliba.sisinflab.protocowl.ProtocOWLParser@4934be4f   Detailed logs: -------------------------------------------------------------------------------- Parser: it.poliba.sisinflab.protocowl.ProtocOWLParser@4934be4f     Stack trace: Identifier index out of bounds: 15        it.poliba.sisinflab.protocowl.Parser.getIdentifier(Parser.java:675)         it.poliba.sisinflab.protocowl.Parser.parseObjectPropertyExpression(Parser.java:586)         it.poliba.sisinflab.protocowl.Parser.parseClassExpression(Parser.java:531)         it.poliba.sisinflab.protocowl.Parser.parseClassAssertion(Parser.java:462)         it.poliba.sisinflab.protocowl.Parser.parseFrame(Parser.java:182)         it.poliba.sisinflab.protocowl.Parser.parse(Parser.java:45)         it.poliba.sisinflab.protocowl.ProtocOWLParser.parse(ProtocOWLParser.java:37)         uk.ac.manchester.cs.owl.owlapi.OWLOntologyFactoryImpl.loadOWLOntology(OWLOntologyFactoryImpl.java:195)         uk.ac.manchester.cs.owl.owlapi.OWLOntologyManagerImpl.load(OWLOntologyManagerImpl.java:1105)         uk.ac.manchester.cs.owl.owlapi.OWLOntologyManagerImpl.loadOntology(OWLOntologyManagerImpl.java:1055)"
5ce4039f-7515-4d22-b1b5-8cc98458c243_Mpeg72001.owl,functional,render,FAIL,OWLOntologyStorageException,java.io.IOException: Espressione non supportata: DataAllValuesFrom(<file:/media/nico/Seagate%20Expansion%20Drive/phd_data/data/2013.05.12_unduplicated_filtered_snapshot/semantic/byteunique/owlxmlunique/5ce4039f-7515-4d22-b1b5-8cc98458c243_Mpeg72001.owl#dim> xsd:string)
5ce4039f-7515-4d22-b1b5-8cc98458c243_Mpeg72001.owl,std,parse,FAIL,Identifier,"Problem parsing inputstream:ontology15931275138561 Could not parse ontology.  Either a suitable parser could not be found, or parsing failed.  See parser logs below for explanation. The following parsers were tried: 1) it.poliba.sisinflab.protocowl.ProtocOWLParser@59598215   Detailed logs: -------------------------------------------------------------------------------- Parser: it.poliba.sisinflab.protocowl.ProtocOWLParser@59598215     Stack trace: Identifier index out of bounds: 15        it.poliba.sisinflab.protocowl.Parser.getIdentifier(Parser.java:675)         it.poliba.sisinflab.protocowl.Parser.parseObjectPropertyExpression(Parser.java:586)         it.poliba.sisinflab.protocowl.Parser.parseClassExpression(Parser.java:531)         it.poliba.sisinflab.protocowl.Parser.parseClassAssertion(Parser.java:462)         it.poliba.sisinflab.protocowl.Parser.parseFrame(Parser.java:182)         it.poliba.sisinflab.protocowl.Parser.parse(Parser.java:45)         it.poliba.sisinflab.protocowl.ProtocOWLParser.parse(ProtocOWLParser.java:37)         uk.ac.manchester.cs.owl.owlapi.OWLOntologyFactoryImpl.loadOWLOntology(OWLOntologyFactoryImpl.java:195)         uk.ac.manchester.cs.owl.owlapi.OWLOntologyManagerImpl.load(OWLOntologyManagerImpl.java:1105)         uk.ac.manchester.cs.owl.owlapi.OWLOntologyManagerImpl.loadOntology(OWLOntologyManagerImpl.java:1055)"
75549c56-685e-448c-afe5-03755ad3217c_go.owl,MIS_128,parse,FAIL,ClassExpression,"Problem parsing inputstream:ontology15931275138565 Could not parse ontology.  Either a suitable parser could not be found, or parsing failed.  See parser logs below for explanation. The following parsers were tried: 1) it.poliba.sisinflab.protocowl.ProtocOWLParser@5f841a3b   Detailed logs: -------------------------------------------------------------------------------- Parser: it.poliba.sisinflab.protocowl.ProtocOWLParser@5f841a3b     Stack trace: Unsupported ClassExpression type: 16        it.poliba.sisinflab.protocowl.Parser.parseClassExpression(Parser.java:576)         it.poliba.sisinflab.protocowl.Parser.parseClassExpression(Parser.java:523)         it.poliba.sisinflab.protocowl.Parser.parseClassAssertion(Parser.java:462)         it.poliba.sisinflab.protocowl.Parser.parseFrame(Parser.java:182)         it.poliba.sisinflab.protocowl.Parser.parse(Parser.java:45)         it.poliba.sisinflab.protocowl.ProtocOWLParser.parse(ProtocOWLParser.java:37)         uk.ac.manchester.cs.owl.owlapi.OWLOntologyFactoryImpl.loadOWLOntology(OWLOntologyFactoryImpl.java:195)         uk.ac.manchester.cs.owl.owlapi.OWLOntologyManagerImpl.load(OWLOntologyManagerImpl.java:1105)         uk.ac.manchester.cs.owl.owlapi.OWLOntologyManagerImpl.loadOntology(OWLOntologyManagerImpl.java:1055)         uk.ac.manchester.cs.owl.owlapi.OWLOntologyManagerImpl.loadOntologyFromOntologyDocument(OWLOntologyManagerImpl.java:1005)"
75549c56-685e-448c-afe5-03755ad3217c_go.owl,functional,render,OK,,
75549c56-685e-448c-afe5-03755ad3217c_go.owl,std,parse,FAIL,ClassExpression,"Problem parsing inputstream:ontology15931275138564 Could not parse ontology.  Either a suitable parser could not be found, or parsing failed.  See parser logs below for explanation. The following parsers were tried: 1) it.poliba.sisinflab.protocowl.ProtocOWLParser@2cf28527   Detailed logs: -------------------------------------------------------------------------------- Parser: it.poliba.sisinflab.protocowl.ProtocOWLParser@2cf28527     Stack trace: Unsupported ClassExpression type: 16        it.poliba.sisinflab.protocowl.Parser.parseClassExpression(Parser.java:576)         it.poliba.sisinflab.protocowl.Parser.parseClassExpression(Parser.java:523)         it.poliba.sisinflab.protocowl.Parser.parseClassAssertion(Parser.java:462)         it.poliba.sisinflab.protocowl.Parser.parseFrame(Parser.java:182)         it.poliba.sisinflab.protocowl.Parser.parse(Parser.java:45)         it.poliba.sisinflab.protocowl.ProtocOWLParser.parse(ProtocOWLParser.java:37)         uk.ac.manchester.cs.owl.owlapi.OWLOntologyFactoryImpl.loadOWLOntology(OWLOntologyFactoryImpl.java:195)         uk.ac.manchester.cs.owl.owlapi.OWLOntologyManagerImpl.load(OWLOntologyManagerImpl.java:1105)         uk.ac.manchester.cs.owl.owlapi.OWLOntologyManagerImpl.loadOntology(OWLOntologyManagerImpl.java:1055)         uk.ac.manchester.cs.owl.owlapi.OWLOntologyManagerImpl.loadOntologyFromOntologyDocument(OWLOntologyManagerImpl.java:1005)"
756d4706-697f-452e-99cd-dbf32081601a__ontology.owl2,MIS_128,parse,FAIL,ClassExpression,"Problem parsing inputstream:ontology15931275138568 Could not parse ontology.  Either a suitable parser could not be found, or parsing failed.  See parser logs below for explanation. The following parsers were tried: 1) it.poliba.sisinflab.protocowl.ProtocOWLParser@7e260552   Detailed logs: -------------------------------------------------------------------------------- Parser: it.poliba.sisinflab.protocowl.ProtocOWLParser@7e260552     Stack trace: Unsupported ClassExpression type: 16        it.poliba.sisinflab.protocowl.Parser.parseClassExpression(Parser.java:576)         it.poliba.sisinflab.protocowl.Parser.parseClassExpression(Parser.java:523)         it.poliba.sisinflab.protocowl.Parser.parseClassAssertion(Parser.java:462)         it.poliba.sisinflab.protocowl.Parser.parseFrame(Parser.java:182)         it.poliba.sisinflab.protocowl.Parser.parse(Parser.java:45)         it.poliba.sisinflab.protocowl.ProtocOWLParser.parse(ProtocOWLParser.java:37)         uk.ac.manchester.cs.owl.owlapi.OWLOntologyFactoryImpl.loadOWLOntology(OWLOntologyFactoryImpl.java:195)         uk.ac.manchester.cs.owl.owlapi.OWLOntologyManagerImpl.load(OWLOntologyManagerImpl.java:1105)         uk.ac.manchester.cs.owl.owlapi.OWLOntologyManagerImpl.loadOntology(OWLOntologyManagerImpl.java:1055)         uk.ac.manchester.cs.owl.owlapi.OWLOntologyManagerImpl.loadOntologyFromOntologyDocument(OWLOntologyManagerImpl.java:1005)"
756d4706-697f-452e-99cd-dbf32081601a__ontology.owl2,functional,render,OK,,
756d4706-697f-452e-99cd-dbf32081601a__ontology.owl2,std,parse,FAIL,ClassExpression,"Problem parsing inputstream:ontology15931275138567 Could not parse ontology.  Either a suitable parser could not be found, or parsing failed.  See parser logs below for explanation. The following parsers were tried: 1) it.poliba.sisinflab.protocowl.ProtocOWLParser@49fbffd6   Detailed logs: -------------------------------------------------------------------------------- Parser: it.poliba.sisinflab.protocowl.ProtocOWLParser@49fbffd6     Stack trace: Unsupported ClassExpression type: 16        it.poliba.sisinflab.protocowl.Parser.parseClassExpression(Parser.java:576)         it.poliba.sisinflab.protocowl.Parser.parseClassExpression(Parser.java:523)         it.poliba.sisinflab.protocowl.Parser.parseClassAssertion(Parser.java:462)         it.poliba.sisinflab.protocowl.Parser.parseFrame(Parser.java:182)         it.poliba.sisinflab.protocowl.Parser.parse(Parser.java:45)         it.poliba.sisinflab.protocowl.ProtocOWLParser.parse(ProtocOWLParser.java:37)         uk.ac.manchester.cs.owl.owlapi.OWLOntologyFactoryImpl.loadOWLOntology(OWLOntologyFactoryImpl.java:195)         uk.ac.manchester.cs.owl.owlapi.OWLOntologyManagerImpl.load(OWLOntologyManagerImpl.java:1105)         uk.ac.manchester.cs.owl.owlapi.OWLOntologyManagerImpl.loadOntology(OWLOntologyManagerImpl.java:1055)         uk.ac.manchester.cs.owl.owlapi.OWLOntologyManagerImpl.loadOntologyFromOntologyDocument(OWLOntologyManagerImpl.java:1005)"
77094653-1dd0-493a-9927-7e327ab26df1_phylo.owl,MIS_128,parse,FAIL,Identifier,"Problem parsing inputstream:ontology15931275138571 Could not parse ontology.  Either a suitable parser could not be found, or parsing failed.  See parser logs below for explanation. The following parsers were tried: 1) it.poliba.sisinflab.protocowl.ProtocOWLParser@77014e2e   Detailed logs: -------------------------------------------------------------------------------- Parser: it.poliba.sisinflab.protocowl.ProtocOWLParser@77014e2e     Stack trace: Identifier index out of bounds: 15        it.poliba.sisinflab.protocowl.Parser.getIdentifier(Parser.java:675)         it.poliba.sisinflab.protocowl.Parser.parseObjectPropertyExpression(Parser.java:586)         it.poliba.sisinflab.protocowl.Parser.parseClassExpression(Parser.java:531)         it.poliba.sisinflab.protocowl.Parser.parseClassAssertion(Parser.java:462)         it.poliba.sisinflab.protocowl.Parser.parseFrame(Parser.java:182)         it.poliba.sisinflab.protocowl.Parser.parse(Parser.java:45)         it.poliba.sisinflab.protocowl.ProtocOWLParser.parse(ProtocOWLParser.java:37)         uk.ac.manchester.cs.owl.owlapi.OWLOntologyFactoryImpl.loadOWLOntology(OWLOntologyFactoryImpl.java:195)         uk.ac.manchester.cs.owl.owlapi.OWLOntologyManagerImpl.load(OWLOntologyManagerImpl.java:1105)         uk.ac.manchester.cs.owl.owlapi.OWLOntologyManagerImpl.loadOntology(OWLOntologyManagerImpl.java:1055)"
77094653-1dd0-493a-9927-7e327ab26df1_phylo.owl,functional,render,OK,,
77094653-1dd0-493a-9927-7e327ab26df1_phylo.owl,std,parse,FAIL,Identifier,"Problem parsing inputstream:ontology15931275138570 Could not parse ontology.  Either a suitable parser could not be found, or parsing failed.  See parser logs below for explanation. The following parsers were tried: 1) it.poliba.sisinflab.protocowl.ProtocOWLParser@5d2c9b55   Detailed logs: -------------------------------------------------------------------------------- Parser: it.poliba.sisinflab.protocowl.ProtocOWLParser@5d2c9b55     Stack trace: Identifier index out of bounds: 15        it.poliba.sisinflab.protocowl.Parser.getIdentifier(Parser.java:675)         it.poliba.sisinflab.protocowl.Parser.parseObjectPropertyExpression(Parser.java:586)         it.poliba.sisinflab.protocowl.Parser.parseClassExpression(Parser.java:531)         it.poliba.sisinflab.protocowl.Parser.parseClassAssertion(Parser.java:462)         it.poliba.sisinflab.protocowl.Parser.parseFrame(Parser.java:182)         it.poliba.sisinflab.protocowl.Parser.parse(Parser.java:45)         it.poliba.sisinflab.protocowl.ProtocOWLParser.parse(ProtocOWLParser.java:37)         uk.ac.manchester.cs.owl.owlapi.OWLOntologyFactoryImpl.loadOWLOntology(OWLOntologyFactoryImpl.java:195)         uk.ac.manchester.cs.owl.owlapi.OWLOntologyManagerImpl.load(OWLOntologyManagerImpl.java:1105)         uk.ac.manchester.cs.owl.owlapi.OWLOntologyManagerImpl.loadOntology(OWLOntologyManagerImpl.java:1055)"
77af02d9-169a-4074-83f3-b4e89d13bdc5_galen.owl,MIS_128,parse,FAIL,ClassExpression,"Problem parsing inputstream:ontology15931275138574 Could not parse ontology.  Either a suitable parser could not be found, or parsing failed.  See parser logs below for explanation. The following parsers were tried: 1) it.poliba.sisinflab.protocowl.ProtocOWLParser@83788f8   Detailed logs: -------------------------------------------------------------------------------- Parser: it.poliba.sisinflab.protocowl.ProtocOWLParser@83788f8     Stack trace: Unsupported ClassExpression type: 11        it.poliba.sisinflab.protocowl.Parser.parseClassExpression(Parser.java:576)         it.poliba.sisinflab.protocowl.Parser.parseClassAssertion(Parser.java:462)         it.poliba.sisinflab.protocowl.Parser.parseFrame(Parser.java:182)         it.poliba.sisinflab.protocowl.Parser.parse(Parser.java:45)         it.poliba.sisinflab.protocowl.ProtocOWLParser.parse(ProtocOWLParser.java:37)         uk.ac.manchester.cs.owl.owlapi.OWLOntologyFactoryImpl.loadOWLOntology(OWLOntologyFactoryImpl.java:195)         uk.ac.manchester.cs.owl.owlapi.OWLOntologyManagerImpl.load(OWLOntologyManagerImpl.java:1105)         uk.ac.manchester.cs.owl.owlapi.OWLOntologyManagerImpl.loadOntology(OWLOntologyManagerImpl.java:1055)         uk.ac.manchester.cs.owl.owlapi.OWLOntologyManagerImpl.loadOntologyFromOntologyDocument(OWLOntologyManagerImpl.java:1005)         uk.ac.manchester.cs.owl.owlapi.OWLOntologyManagerImpl.loadOntologyFromOntologyDocument(OWLOntologyManagerImpl.java:1025)"
77af02d9-169a-4074-83f3-b4e89d13bdc5_galen.owl,functional,render,OK,,
77af02d9-169a-4074-83f3-b4e89d13bdc5_galen.owl,std,parse,FAIL,ClassExpression,"Problem parsing inputstream:ontology15931275138573 Could not parse ontology.  Either a suitable parser could not be found, or parsing failed.  See parser logs below for explanation. The following parsers were tried: 1) it.poliba.sisinflab.protocowl.ProtocOWLParser@77e3a0da   Detailed logs: -------------------------------------------------------------------------------- Parser: it.poliba.sisinflab.protocowl.ProtocOWLParser@77e3a0da     Stack trace: Unsupported ClassExpression type: 11        it.poliba.sisinflab.protocowl.Parser.parseClassExpression(Parser.java:576)         it.poliba.sisinflab.protocowl.Parser.parseClassAssertion(Parser.java:462)         it.poliba.sisinflab.protocowl.Parser.parseFrame(Parser.java:182)         it.poliba.sisinflab.protocowl.Parser.parse(Parser.java:45)         it.poliba.sisinflab.protocowl.ProtocOWLParser.parse(ProtocOWLParser.java:37)         uk.ac.manchester.cs.owl.owlapi.OWLOntologyFactoryImpl.loadOWLOntology(OWLOntologyFactoryImpl.java:195)         uk.ac.manchester.cs.owl.owlapi.OWLOntologyManagerImpl.load(OWLOntologyManagerImpl.java:1105)         uk.ac.manchester.cs.owl.owlapi.OWLOntologyManagerImpl.loadOntology(OWLOntologyManagerImpl.java:1055)         uk.ac.manchester.cs.owl.owlapi.OWLOntologyManagerImpl.loadOntologyFromOntologyDocument(OWLOntologyManagerImpl.java:1005)         uk.ac.manchester.cs.owl.owlapi.OWLOntologyManagerImpl.loadOntologyFromOntologyDocument(OWLOntologyManagerImpl.java:1025)"
8483d657-6932-4d42-8980-3b7eb996c17c_ngineering.owl,MIS_128,parse,FAIL,Identifier,"Problem parsing inputstream:ontology15931275138577 Could not parse ontology.  Either a suitable parser could not be found, or parsing failed.  See parser logs below for explanation. The following parsers were tried: 1) it.poliba.sisinflab.protocowl.ProtocOWLParser@2cc1a9f   Detailed logs: -------------------------------------------------------------------------------- Parser: it.poliba.sisinflab.protocowl.ProtocOWLParser@2cc1a9f     Stack trace: Identifier index out of bounds: 111        it.poliba.sisinflab.protocowl.Parser.getIdentifier(Parser.java:675)         it.poliba.sisinflab.protocowl.Parser.parseIndividual(Parser.java:605)         it.poliba.sisinflab.protocowl.Parser.parseClassExpression(Parser.java:528)         it.poliba.sisinflab.protocowl.Parser.parseClassAssertion(Parser.java:462)         it.poliba.sisinflab.protocowl.Parser.parseFrame(Parser.java:182)         it.poliba.sisinflab.protocowl.Parser.parse(Parser.java:45)         it.poliba.sisinflab.protocowl.ProtocOWLParser.parse(ProtocOWLParser.java:37)         uk.ac.manchester.cs.owl.owlapi.OWLOntologyFactoryImpl.loadOWLOntology(OWLOntologyFactoryImpl.java:195)         uk.ac.manchester.cs.owl.owlapi.OWLOntologyManagerImpl.load(OWLOntologyManagerImpl.java:1105)         uk.ac.manchester.cs.owl.owlapi.OWLOntologyManagerImpl.loadOntology(OWLOntologyManagerImpl.java:1055)"
8483d657-6932-4d42-8980-3b7eb996c17c_ngineering.owl,functional,render,OK,,
8483d657-6932-4d42-8980-3b7eb996c17c_ngineering.owl,std,parse,FAIL,Identifier,"Problem parsing inputstream:ontology15931275138576 Could not parse ontology.  Either a suitable parser could not be found, or parsing failed.  See parser logs below for explanation. The following parsers were tried: 1) it.poliba.sisinflab.protocowl.ProtocOWLParser@c16897b   Detailed logs: -------------------------------------------------------------------------------- Parser: it.poliba.sisinflab.protocowl.ProtocOWLParser@c16897b     Stack trace: Identifier index out of bounds: 111        it.poliba.sisinflab.protocowl.Parser.getIdentifier(Parser.java:675)         it.poliba.sisinflab.protocowl.Parser.parseIndividual(Parser.java:605)         it.poliba.sisinflab.protocowl.Parser.parseClassExpression(Parser.java:528)         it.poliba.sisinflab.protocowl.Parser.parseClassAssertion(Parser.java:462)         it.poliba.sisinflab.protocowl.Parser.parseFrame(Parser.java:182)         it.poliba.sisinflab.protocowl.Parser.parse(Parser.java:45)         it.poliba.sisinflab.protocowl.ProtocOWLParser.parse(ProtocOWLParser.java:37)         uk.ac.manchester.cs.owl.owlapi.OWLOntologyFactoryImpl.loadOWLOntology(OWLOntologyFactoryImpl.java:195)         uk.ac.manchester.cs.owl.owlapi.OWLOntologyManagerImpl.load(OWLOntologyManagerImpl.java:1105)         uk.ac.manchester.cs.owl.owlapi.OWLOntologyManagerImpl.loadOntology(OWLOntologyManagerImpl.java:1055)"
8b075aae-de78-4da8-ab82-5c5afbeab78f_leost_taxonomy,MIS_128,parse,FAIL,Identifier,"Problem parsing inputstream:ontology15931275138580 Could not parse ontology.  Either a suitable parser could not be found, or parsing failed.  See parser logs below for explanation. The following parsers were tried: 1) it.poliba.sisinflab.protocowl.ProtocOWLParser@4fadd14f   Detailed logs: -------------------------------------------------------------------------------- Parser: it.poliba.sisinflab.protocowl.ProtocOWLParser@4fadd14f     Stack trace: Identifier index out of bounds: 111        it.poliba.sisinflab.protocowl.Parser.getIdentifier(Parser.java:675)         it.poliba.sisinflab.protocowl.Parser.parseIndividual(Parser.java:605)         it.poliba.sisinflab.protocowl.Parser.parseClassExpression(Parser.java:528)         it.poliba.sisinflab.protocowl.Parser.parseClassAssertion(Parser.java:462)         it.poliba.sisinflab.protocowl.Parser.parseFrame(Parser.java:182)         it.poliba.sisinflab.protocowl.Parser.parse(Parser.java:45)         it.poliba.sisinflab.protocowl.ProtocOWLParser.parse(ProtocOWLParser.java:37)         uk.ac.manchester.cs.owl.owlapi.OWLOntologyFactoryImpl.loadOWLOntology(OWLOntologyFactoryImpl.java:195)         uk.ac.manchester.cs.owl.owlapi.OWLOntologyManagerImpl.load(OWLOntologyManagerImpl.java:1105)         uk.ac.manchester.cs.owl.owlapi.OWLOntologyManagerImpl.loadOntology(OWLOntologyManagerImpl.java:1055)"
8b075aae-de78-4da8-ab82-5c5afbeab78f_leost_taxonomy,functional,render,OK,,
8b075aae-de78-4da8-ab82-5c5afbeab78f_leost_taxonomy,std,parse,FAIL,Identifier,"Problem parsing inputstream:ontology15931275138579 Could not parse ontology.  Either a suitable parser could not be found, or parsing failed.  See parser logs below for explanation. The following parsers were tried: 1) it.poliba.sisinflab.protocowl.ProtocOWLParser@543ece33   Detailed logs: -------------------------------------------------------------------------------- Parser: it.poliba.sisinflab.protocowl.ProtocOWLParser@543ece33     Stack trace: Identifier index out of bounds: 111        it.poliba.sisinflab.protocowl.Parser.getIdentifier(Parser.java:675)         it.poliba.sisinflab.protocowl.Parser.parseIndividual(Parser.java:605)         it.poliba.sisinflab.protocowl.Parser.parseClassExpression(Parser.java:528)         it.poliba.sisinflab.protocowl.Parser.parseClassAssertion(Parser.java:462)         it.poliba.sisinflab.protocowl.Parser.parseFrame(Parser.java:182)         it.poliba.sisinflab.protocowl.Parser.parse(Parser.java:45)         it.poliba.sisinflab.protocowl.ProtocOWLParser.parse(ProtocOWLParser.java:37)         uk.ac.manchester.cs.owl.owlapi.OWLOntologyFactoryImpl.loadOWLOntology(OWLOntologyFactoryImpl.java:195)         uk.ac.manchester.cs.owl.owlapi.OWLOntologyManagerImpl.load(OWLOntologyManagerImpl.java:1105)         uk.ac.manchester.cs.owl.owlapi.OWLOntologyManagerImpl.loadOntology(OWLOntologyManagerImpl.java:1055)"
8bdbdcc6-2c79-48af-8157-66abf593a8f2_classified.owl,MIS_128,parse,FAIL,Identifier,"Problem parsing inputstream:ontology15931275138583 Could not parse ontology.  Either a suitable parser could not be found, or parsing failed.  See parser logs below for explanation. The following parsers were tried: 1) it.poliba.sisinflab.protocowl.ProtocOWLParser@7470fa39   Detailed logs: -------------------------------------------------------------------------------- Parser: it.poliba.sisinflab.protocowl.ProtocOWLParser@7470fa39     Stack trace: Identifier index out of bounds: 111        it.poliba.sisinflab.protocowl.Parser.getIdentifier(Parser.java:675)         it.poliba.sisinflab.protocowl.Parser.parseIndividual(Parser.java:605)         it.poliba.sisinflab.protocowl.Parser.parseClassExpression(Parser.java:528)         it.poliba.sisinflab.protocowl.Parser.parseClassAssertion(Parser.java:462)         it.poliba.sisinflab.protocowl.Parser.parseFrame(Parser.java:182)         it.poliba.sisinflab.protocowl.Parser.parse(Parser.java:45)         it.poliba.sisinflab.protocowl.ProtocOWLParser.parse(ProtocOWLParser.java:37)         uk.ac.manchester.cs.owl.owlapi.OWLOntologyFactoryImpl.loadOWLOntology(OWLOntologyFactoryImpl.java:195)         uk.ac.manchester.cs.owl.owlapi.OWLOntologyManagerImpl.load(OWLOntologyManagerImpl.java:1105)         uk.ac.manchester.cs.owl.owlapi.OWLOntologyManagerImpl.loadOntology(OWLOntologyManagerImpl.java:1055)"
8bdbdcc6-2c79-48af-8157-66abf593a8f2_classified.owl,functional,render,OK,,
8bdbdcc6-2c79-48af-8157-66abf593a8f2_classified.owl,std,parse,FAIL,Identifier,"Problem parsing inputstream:ontology15931275138582 Could not parse ontology.  Either a suitable parser could not be found, or parsing failed.  See parser logs below for explanation. The following parsers were tried: 1) it.poliba.sisinflab.protocowl.ProtocOWLParser@54be92a2   Detailed logs: -------------------------------------------------------------------------------- Parser: it.poliba.sisinflab.protocowl.ProtocOWLParser@54be92a2     Stack trace: Identifier index out of bounds: 111        it.poliba.sisinflab.protocowl.Parser.getIdentifier(Parser.java:675)         it.poliba.sisinflab.protocowl.Parser.parseIndividual(Parser.java:605)         it.poliba.sisinflab.protocowl.Parser.parseClassExpression(Parser.java:528)         it.poliba.sisinflab.protocowl.Parser.parseClassAssertion(Parser.java:462)         it.poliba.sisinflab.protocowl.Parser.parseFrame(Parser.java:182)         it.poliba.sisinflab.protocowl.Parser.parse(Parser.java:45)         it.poliba.sisinflab.protocowl.ProtocOWLParser.parse(ProtocOWLParser.java:37)         uk.ac.manchester.cs.owl.owlapi.OWLOntologyFactoryImpl.loadOWLOntology(OWLOntologyFactoryImpl.java:195)         uk.ac.manchester.cs.owl.owlapi.OWLOntologyManagerImpl.load(OWLOntologyManagerImpl.java:1105)         uk.ac.manchester.cs.owl.owlapi.OWLOntologyManagerImpl.loadOntology(OWLOntologyManagerImpl.java:1055)"
8ec61954-36f1-45db-afa0-09e6683b4f21_ent_xp_go.owl2,MIS_128,parse,FAIL,ClassExpression,"Problem parsing inputstream:ontology15931275138586 Could not parse ontology.  Either a suitable parser could not be found, or parsing failed.  See parser logs below for explanation. The following parsers were tried: 1) it.poliba.sisinflab.protocowl.ProtocOWLParser@5b16e814   Detailed logs: -------------------------------------------------------------------------------- Parser: it.poliba.sisinflab.protocowl.ProtocOWLParser@5b16e814     Stack trace: Unsupported ClassExpression type: 16        it.poliba.sisinflab.protocowl.Parser.parseClassExpression(Parser.java:576)         it.poliba.sisinflab.protocowl.Parser.parseClassExpression(Parser.java:523)         it.poliba.sisinflab.protocowl.Parser.parseClassAssertion(Parser.java:462)         it.poliba.sisinflab.protocowl.Parser.parseFrame(Parser.java:182)         it.poliba.sisinflab.protocowl.Parser.parse(Parser.java:45)         it.poliba.sisinflab.protocowl.ProtocOWLParser.parse(ProtocOWLParser.java:37)         uk.ac.manchester.cs.owl.owlapi.OWLOntologyFactoryImpl.loadOWLOntology(OWLOntologyFactoryImpl.java:195)         uk.ac.manchester.cs.owl.owlapi.OWLOntologyManagerImpl.load(OWLOntologyManagerImpl.java:1105)         uk.ac.manchester.cs.owl.owlapi.OWLOntologyManagerImpl.loadOntology(OWLOntologyManagerImpl.java:1055)         uk.ac.manchester.cs.owl.owlapi.OWLOntologyManagerImpl.loadOntologyFromOntologyDocument(OWLOntologyManagerImpl.java:1005)"
8ec61954-36f1-45db-afa0-09e6683b4f21_ent_xp_go.owl2,functional,render,OK,,
8ec61954-36f1-45db-afa0-09e6683b4f21_ent_xp_go.owl2,std,parse,FAIL,ClassExpression,"Problem parsing inputstream:ontology15931275138585 Could not parse ontology.  Either a suitable parser could not be found, or parsing failed.  See parser logs below for explanation. The following parsers were tried: 1) it.poliba.sisinflab.protocowl.ProtocOWLParser@5703928f   Detailed logs: -------------------------------------------------------------------------------- Parser: it.poliba.sisinflab.protocowl.ProtocOWLParser@5703928f     Stack trace: Unsupported ClassExpression type: 16        it.poliba.sisinflab.protocowl.Parser.parseClassExpression(Parser.java:576)         it.poliba.sisinflab.protocowl.Parser.parseClassExpression(Parser.java:523)         it.poliba.sisinflab.protocowl.Parser.parseClassAssertion(Parser.java:462)         it.poliba.sisinflab.protocowl.Parser.parseFrame(Parser.java:182)         it.poliba.sisinflab.protocowl.Parser.parse(Parser.java:45)         it.poliba.sisinflab.protocowl.ProtocOWLParser.parse(ProtocOWLParser.java:37)         uk.ac.manchester.cs.owl.owlapi.OWLOntologyFactoryImpl.loadOWLOntology(OWLOntologyFactoryImpl.java:195)         uk.ac.manchester.cs.owl.owlapi.OWLOntologyManagerImpl.load(OWLOntologyManagerImpl.java:1105)         uk.ac.manchester.cs.owl.owlapi.OWLOntologyManagerImpl.loadOntology(OWLOntologyManagerImpl.java:1055)         uk.ac.manchester.cs.owl.owlapi.OWLOntologyManagerImpl.loadOntologyFromOntologyDocument(OWLOntologyManagerImpl.java:1005)"
a14a100e-202f-4eb1-9539-b24a28b802fb_cl_import.owl,MIS_128,parse,FAIL,ClassExpression,"Problem parsing inputstream:ontology15931275138589 Could not parse ontology.  Either a suitable parser could not be found, or parsing failed.  See parser logs below for explanation. The following parsers were tried: 1) it.poliba.sisinflab.protocowl.ProtocOWLParser@181d019   Detailed logs: -------------------------------------------------------------------------------- Parser: it.poliba.sisinflab.protocowl.ProtocOWLParser@181d019     Stack trace: Unsupported ClassExpression type: 16        it.poliba.sisinflab.protocowl.Parser.parseClassExpression(Parser.java:576)         it.poliba.sisinflab.protocowl.Parser.parseClassExpression(Parser.java:523)         it.poliba.sisinflab.protocowl.Parser.parseClassAssertion(Parser.java:462)         it.poliba.sisinflab.protocowl.Parser.parseFrame(Parser.java:182)         it.poliba.sisinflab.protocowl.Parser.parse(Parser.java:45)         it.poliba.sisinflab.protocowl.ProtocOWLParser.parse(ProtocOWLParser.java:37)         uk.ac.manchester.cs.owl.owlapi.OWLOntologyFactoryImpl.loadOWLOntology(OWLOntologyFactoryImpl.java:195)         uk.ac.manchester.cs.owl.owlapi.OWLOntologyManagerImpl.load(OWLOntologyManagerImpl.java:1105)         uk.ac.manchester.cs.owl.owlapi.OWLOntologyManagerImpl.loadOntology(OWLOntologyManagerImpl.java:1055)         uk.ac.manchester.cs.owl.owlapi.OWLOntologyManagerImpl.loadOntologyFromOntologyDocument(OWLOntologyManagerImpl.java:1005)"
a14a100e-202f-4eb1-9539-b24a28b802fb_cl_import.owl,functional,render,OK,,
a14a100e-202f-4eb1-9539-b24a28b802fb_cl_import.owl,std,parse,FAIL,ClassExpression,"Problem parsing inputstream:ontology15931275138588 Could not parse ontology.  Either a suitable parser could not be found, or parsing failed.  See parser logs below for explanation. The following parsers were tried: 1) it.poliba.sisinflab.protocowl.ProtocOWLParser@58814def   Detailed logs: -------------------------------------------------------------------------------- Parser: it.poliba.sisinflab.protocowl.ProtocOWLParser@58814def     Stack trace: Unsupported ClassExpression type: 16        it.poliba.sisinflab.protocowl.Parser.parseClassExpression(Parser.java:576)         it.poliba.sisinflab.protocowl.Parser.parseClassExpression(Parser.java:523)         it.poliba.sisinflab.protocowl.Parser.parseClassAssertion(Parser.java:462)         it.poliba.sisinflab.protocowl.Parser.parseFrame(Parser.java:182)         it.poliba.sisinflab.protocowl.Parser.parse(Parser.java:45)         it.poliba.sisinflab.protocowl.ProtocOWLParser.parse(ProtocOWLParser.java:37)         uk.ac.manchester.cs.owl.owlapi.OWLOntologyFactoryImpl.loadOWLOntology(OWLOntologyFactoryImpl.java:195)         uk.ac.manchester.cs.owl.owlapi.OWLOntologyManagerImpl.load(OWLOntologyManagerImpl.java:1105)         uk.ac.manchester.cs.owl.owlapi.OWLOntologyManagerImpl.loadOntology(OWLOntologyManagerImpl.java:1055)         uk.ac.manchester.cs.owl.owlapi.OWLOntologyManagerImpl.loadOntologyFromOntologyDocument(OWLOntologyManagerImpl.java:1005)"
a9712c71-8004-4e17-b056-4f7a11e7d64d_ABGSegment.owl,MIS_128,parse,FAIL,ClassExpression,"Problem parsing inputstream:ontology15931275138592 Could not parse ontology.  Either a suitable parser could not be found, or parsing failed.  See parser logs below for explanation. The following parsers were tried: 1) it.poliba.sisinflab.protocowl.ProtocOWLParser@462b5efd   Detailed logs: -------------------------------------------------------------------------------- Parser: it.poliba.sisinflab.protocowl.ProtocOWLParser@462b5efd     Stack trace: Unsupported ClassExpression type: 16        it.poliba.sisinflab.protocowl.Parser.parseClassExpression(Parser.java:576)         it.poliba.sisinflab.protocowl.Parser.parseClassExpression(Parser.java:523)         it.poliba.sisinflab.protocowl.Parser.parseClassAssertion(Parser.java:462)         it.poliba.sisinflab.protocowl.Parser.parseFrame(Parser.java:182)         it.poliba.sisinflab.protocowl.Parser.parse(Parser.java:45)         it.poliba.sisinflab.protocowl.ProtocOWLParser.parse(ProtocOWLParser.java:37)         uk.ac.manchester.cs.owl.owlapi.OWLOntologyFactoryImpl.loadOWLOntology(OWLOntologyFactoryImpl.java:195)         uk.ac.manchester.cs.owl.owlapi.OWLOntologyManagerImpl.load(OWLOntologyManagerImpl.java:1105)         uk.ac.manchester.cs.owl.owlapi.OWLOntologyManagerImpl.loadOntology(OWLOntologyManagerImpl.java:1055)         uk.ac.manchester.cs.owl.owlapi.OWLOntologyManagerImpl.loadOntologyFromOntologyDocument(OWLOntologyManagerImpl.java:1005)"
a9712c71-8004-4e17-b056-4f7a11e7d64d_ABGSegment.owl,functional,render,OK,,
a9712c71-8004-4e17-b056-4f7a11e7d64d_ABGSegment.owl,std,parse,FAIL,ClassExpression,"Problem parsing inputstream:ontology15931275138591 Could not parse ontology.  Either a suitable parser could not be found, or parsing failed.  See parser logs below for explanation. The following parsers were tried: 1) it.poliba.sisinflab.protocowl.ProtocOWLParser@695ece91   Detailed logs: -------------------------------------------------------------------------------- Parser: it.poliba.sisinflab.protocowl.ProtocOWLParser@695ece91     Stack trace: Unsupported ClassExpression type: 16        it.poliba.sisinflab.protocowl.Parser.parseClassExpression(Parser.java:576)         it.poliba.sisinflab.protocowl.Parser.parseClassExpression(Parser.java:523)         it.poliba.sisinflab.protocowl.Parser.parseClassAssertion(Parser.java:462)         it.poliba.sisinflab.protocowl.Parser.parseFrame(Parser.java:182)         it.poliba.sisinflab.protocowl.Parser.parse(Parser.java:45)         it.poliba.sisinflab.protocowl.ProtocOWLParser.parse(ProtocOWLParser.java:37)         uk.ac.manchester.cs.owl.owlapi.OWLOntologyFactoryImpl.loadOWLOntology(OWLOntologyFactoryImpl.java:195)         uk.ac.manchester.cs.owl.owlapi.OWLOntologyManagerImpl.load(OWLOntologyManagerImpl.java:1105)         uk.ac.manchester.cs.owl.owlapi.OWLOntologyManagerImpl.loadOntology(OWLOntologyManagerImpl.java:1055)         uk.ac.manchester.cs.owl.owlapi.OWLOntologyManagerImpl.loadOntologyFromOntologyDocument(OWLOntologyManagerImpl.java:1005)"
afad60ce-2326-429e-81c5-ca55842c39c3_entication.owl,MIS_128,parse,FAIL,ClassExpression,"Problem parsing inputstream:ontology15931275138595 Could not parse ontology.  Either a suitable parser could not be found, or parsing failed.  See parser logs below for explanation. The following parsers were tried: 1) it.poliba.sisinflab.protocowl.ProtocOWLParser@7893e942   Detailed logs: -------------------------------------------------------------------------------- Parser: it.poliba.sisinflab.protocowl.ProtocOWLParser@7893e942     Stack trace: Unsupported ClassExpression type: 16        it.poliba.sisinflab.protocowl.Parser.parseClassExpression(Parser.java:576)         it.poliba.sisinflab.protocowl.Parser.parseClassExpression(Parser.java:523)         it.poliba.sisinflab.protocowl.Parser.parseClassAssertion(Parser.java:462)         it.poliba.sisinflab.protocowl.Parser.parseFrame(Parser.java:182)         it.poliba.sisinflab.protocowl.Parser.parse(Parser.java:45)         it.poliba.sisinflab.protocowl.ProtocOWLParser.parse(ProtocOWLParser.java:37)         uk.ac.manchester.cs.owl.owlapi.OWLOntologyFactoryImpl.loadOWLOntology(OWLOntologyFactoryImpl.java:195)         uk.ac.manchester.cs.owl.owlapi.OWLOntologyManagerImpl.load(OWLOntologyManagerImpl.java:1105)         uk.ac.manchester.cs.owl.owlapi.OWLOntologyManagerImpl.loadOntology(OWLOntologyManagerImpl.java:1055)         uk.ac.manchester.cs.owl.owlapi.OWLOntologyManagerImpl.loadOntologyFromOntologyDocument(OWLOntologyManagerImpl.java:1005)"
afad60ce-2326-429e-81c5-ca55842c39c3_entication.owl,functional,render,OK,,
afad60ce-2326-429e-81c5-ca55842c39c3_entication.owl,std,parse,FAIL,ClassExpression,"Problem parsing inputstream:ontology15931275138594 Could not parse ontology.  Either a suitable parser could not be found, or parsing failed.  See parser logs below for explanation. The following parsers were tried: 1) it.poliba.sisinflab.protocowl.ProtocOWLParser@43dd0f50   Detailed logs: -------------------------------------------------------------------------------- Parser: it.poliba.sisinflab.protocowl.ProtocOWLParser@43dd0f50     Stack trace: Unsupported ClassExpression type: 16        it.poliba.sisinflab.protocowl.Parser.parseClassExpression(Parser.java:576)         it.poliba.sisinflab.protocowl.Parser.parseClassExpression(Parser.java:523)         it.poliba.sisinflab.protocowl.Parser.parseClassAssertion(Parser.java:462)         it.poliba.sisinflab.protocowl.Parser.parseFrame(Parser.java:182)         it.poliba.sisinflab.protocowl.Parser.parse(Parser.java:45)         it.poliba.sisinflab.protocowl.ProtocOWLParser.parse(ProtocOWLParser.java:37)         uk.ac.manchester.cs.owl.owlapi.OWLOntologyFactoryImpl.loadOWLOntology(OWLOntologyFactoryImpl.java:195)         uk.ac.manchester.cs.owl.owlapi.OWLOntologyManagerImpl.load(OWLOntologyManagerImpl.java:1105)         uk.ac.manchester.cs.owl.owlapi.OWLOntologyManagerImpl.loadOntology(OWLOntologyManagerImpl.java:1055)         uk.ac.manchester.cs.owl.owlapi.OWLOntologyManagerImpl.loadOntologyFromOntologyDocument(OWLOntologyManagerImpl.java:1005)"
approximated_00fec224-5de9-4f5c-bd58-6fe5903fc3a0_gilcore.owl,MIS_128,parse,FAIL,Identifier,"Problem parsing inputstream:ontology15931275138598 Could not parse ontology.  Either a suitable parser could not be found, or parsing failed.  See parser logs below for explanation. The following parsers were tried: 1) it.poliba.sisinflab.protocowl.ProtocOWLParser@56ebc289   Detailed logs: -------------------------------------------------------------------------------- Parser: it.poliba.sisinflab.protocowl.ProtocOWLParser@56ebc289     Stack trace: Identifier index out of bounds: 40        it.poliba.sisinflab.protocowl.Parser.getIdentifier(Parser.java:675)         it.poliba.sisinflab.protocowl.Parser.parseObjectPropertyExpression(Parser.java:586)         it.poliba.sisinflab.protocowl.Parser.parseClassExpression(Parser.java:535)         it.poliba.sisinflab.protocowl.Parser.parseClassAssertion(Parser.java:462)         it.poliba.sisinflab.protocowl.Parser.parseFrame(Parser.java:182)         it.poliba.sisinflab.protocowl.Parser.parse(Parser.java:45)         it.poliba.sisinflab.protocowl.ProtocOWLParser.parse(ProtocOWLParser.java:37)         uk.ac.manchester.cs.owl.owlapi.OWLOntologyFactoryImpl.loadOWLOntology(OWLOntologyFactoryImpl.java:195)         uk.ac.manchester.cs.owl.owlapi.OWLOntologyManagerImpl.load(OWLOntologyManagerImpl.java:1105)         uk.ac.manchester.cs.owl.owlapi.OWLOntologyManagerImpl.loadOntology(OWLOntologyManagerImpl.java:1055)"
approximated_00fec224-5de9-4f5c-bd58-6fe5903fc3a0_gilcore.owl,functional,render,OK,,
approximated_00fec224-5de9-4f5c-bd58-6fe5903fc3a0_gilcore.owl,std,parse,FAIL,Identifier,"Problem parsing inputstream:ontology15931275138597 Could not parse ontology.  Either a suitable parser could not be found, or parsing failed.  See parser logs below for explanation. The following parsers were tried: 1) it.poliba.sisinflab.protocowl.ProtocOWLParser@602eb70f   Detailed logs: -------------------------------------------------------------------------------- Parser: it.poliba.sisinflab.protocowl.ProtocOWLParser@602eb70f     Stack trace: Identifier index out of bounds: 40        it.poliba.sisinflab.protocowl.Parser.getIdentifier(Parser.java:675)         it.poliba.sisinflab.protocowl.Parser.parseObjectPropertyExpression(Parser.java:586)         it.poliba.sisinflab.protocowl.Parser.parseClassExpression(Parser.java:535)         it.poliba.sisinflab.protocowl.Parser.parseClassAssertion(Parser.java:462)         it.poliba.sisinflab.protocowl.Parser.parseFrame(Parser.java:182)         it.poliba.sisinflab.protocowl.Parser.parse(Parser.java:45)         it.poliba.sisinflab.protocowl.ProtocOWLParser.parse(ProtocOWLParser.java:37)         uk.ac.manchester.cs.owl.owlapi.OWLOntologyFactoryImpl.loadOWLOntology(OWLOntologyFactoryImpl.java:195)         uk.ac.manchester.cs.owl.owlapi.OWLOntologyManagerImpl.load(OWLOntologyManagerImpl.java:1105)         uk.ac.manchester.cs.owl.owlapi.OWLOntologyManagerImpl.loadOntology(OWLOntologyManagerImpl.java:1055)"
approximated_015e0fd4-bede-40a3-8406-3dfc6fc6a8dd_all.rdf,MIS_128,parse,FAIL,Identifier,"Problem parsing inputstream:ontology15931275138601 Could not parse ontology.  Either a suitable parser could not be found, or parsing failed.  See parser logs below for explanation. The following parsers were tried: 1) it.poliba.sisinflab.protocowl.ProtocOWLParser@40c1baa1   Detailed logs: -------------------------------------------------------------------------------- Parser: it.poliba.sisinflab.protocowl.ProtocOWLParser@40c1baa1     Stack trace: Identifier index out of bounds: 25        it.poliba.sisinflab.protocowl.Parser.getIdentifier(Parser.java:675)         it.poliba.sisinflab.protocowl.Parser.parseClassExpression(Parser.java:508)         it.poliba.sisinflab.protocowl.Parser.parseClassExpression(Parser.java:523)         it.poliba.sisinflab.protocowl.Parser.parseClassAssertion(Parser.java:462)         it.poliba.sisinflab.protocowl.Parser.parseFrame(Parser.java:182)         it.poliba.sisinflab.protocowl.Parser.parse(Parser.java:45)         it.poliba.sisinflab.protocowl.ProtocOWLParser.parse(ProtocOWLParser.java:37)         uk.ac.manchester.cs.owl.owlapi.OWLOntologyFactoryImpl.loadOWLOntology(OWLOntologyFactoryImpl.java:195)         uk.ac.manchester.cs.owl.owlapi.OWLOntologyManagerImpl.load(OWLOntologyManagerImpl.java:1105)         uk.ac.manchester.cs.owl.owlapi.OWLOntologyManagerImpl.loadOntology(OWLOntologyManagerImpl.java:1055)"
approximated_015e0fd4-bede-40a3-8406-3dfc6fc6a8dd_all.rdf,functional,render,OK,,
approximated_015e0fd4-bede-40a3-8406-3dfc6fc6a8dd_all.rdf,std,parse,FAIL,Identifier,"Problem parsing inputstream:ontology15931275138600 Could not parse ontology.  Either a suitable parser could not be found, or parsing failed.  See parser logs below for explanation. The following parsers were tried: 1) it.poliba.sisinflab.protocowl.ProtocOWLParser@56700e47   Detailed logs: -------------------------------------------------------------------------------- Parser: it.poliba.sisinflab.protocowl.ProtocOWLParser@56700e47     Stack trace: Identifier index out of bounds: 25        it.poliba.sisinflab.protocowl.Parser.getIdentifier(Parser.java:675)         it.poliba.sisinflab.protocowl.Parser.parseClassExpression(Parser.java:508)         it.poliba.sisinflab.protocowl.Parser.parseClassExpression(Parser.java:523)         it.poliba.sisinflab.protocowl.Parser.parseClassAssertion(Parser.java:462)         it.poliba.sisinflab.protocowl.Parser.parseFrame(Parser.java:182)         it.poliba.sisinflab.protocowl.Parser.parse(Parser.java:45)         it.poliba.sisinflab.protocowl.ProtocOWLParser.parse(ProtocOWLParser.java:37)         uk.ac.manchester.cs.owl.owlapi.OWLOntologyFactoryImpl.loadOWLOntology(OWLOntologyFactoryImpl.java:195)         uk.ac.manchester.cs.owl.owlapi.OWLOntologyManagerImpl.load(OWLOntologyManagerImpl.java:1105)         uk.ac.manchester.cs.owl.owlapi.OWLOntologyManagerImpl.loadOntology(OWLOntologyManagerImpl.java:1055)"
approximated_071feca2-a248-4370-97da-ff1d0b83c571_logyv0.1.3.owl,MIS_128,parse,FAIL,Identifier,"Problem parsing inputstream:ontology15931275138604 Could not parse ontology.  Either a suitable parser could not be found, or parsing failed.  See parser logs below for explanation. The following parsers were tried: 1) it.poliba.sisinflab.protocowl.ProtocOWLParser@5099ca99   Detailed logs: -------------------------------------------------------------------------------- Parser: it.poliba.sisinflab.protocowl.ProtocOWLParser@5099ca99     Stack trace: Identifier index out of bounds: 25        it.poliba.sisinflab.protocowl.Parser.getIdentifier(Parser.java:675)         it.poliba.sisinflab.protocowl.Parser.parseClassExpression(Parser.java:508)         it.poliba.sisinflab.protocowl.Parser.parseClassExpression(Parser.java:523)         it.poliba.sisinflab.protocowl.Parser.parseClassAssertion(Parser.java:462)         it.poliba.sisinflab.protocowl.Parser.parseFrame(Parser.java:182)         it.poliba.sisinflab.protocowl.Parser.parse(Parser.java:45)         it.poliba.sisinflab.protocowl.ProtocOWLParser.parse(ProtocOWLParser.java:37)         uk.ac.manchester.cs.owl.owlapi.OWLOntologyFactoryImpl.loadOWLOntology(OWLOntologyFactoryImpl.java:195)         uk.ac.manchester.cs.owl.owlapi.OWLOntologyManagerImpl.load(OWLOntologyManagerImpl.java:1105)         uk.ac.manchester.cs.owl.owlapi.OWLOntologyManagerImpl.loadOntology(OWLOntologyManagerImpl.java:1055)"
approximated_071feca2-a248-4370-97da-ff1d0b83c571_logyv0.1.3.owl,functional,render,OK,,
approximated_071feca2-a248-4370-97da-ff1d0b83c571_logyv0.1.3.owl,std,parse,FAIL,Identifier,"Problem parsing inputstream:ontology15931275138603 Could not parse ontology.  Either a suitable parser could not be found, or parsing failed.  See parser logs below for explanation. The following parsers were tried: 1) it.poliba.sisinflab.protocowl.ProtocOWLParser@2ad3e473   Detailed logs: -------------------------------------------------------------------------------- Parser: it.poliba.sisinflab.protocowl.ProtocOWLParser@2ad3e473     Stack trace: Identifier index out of bounds: 25        it.poliba.sisinflab.protocowl.Parser.getIdentifier(Parser.java:675)         it.poliba.sisinflab.protocowl.Parser.parseClassExpression(Parser.java:508)         it.poliba.sisinflab.protocowl.Parser.parseClassExpression(Parser.java:523)         it.poliba.sisinflab.protocowl.Parser.parseClassAssertion(Parser.java:462)         it.poliba.sisinflab.protocowl.Parser.parseFrame(Parser.java:182)         it.poliba.sisinflab.protocowl.Parser.parse(Parser.java:45)         it.poliba.sisinflab.protocowl.ProtocOWLParser.parse(ProtocOWLParser.java:37)         uk.ac.manchester.cs.owl.owlapi.OWLOntologyFactoryImpl.loadOWLOntology(OWLOntologyFactoryImpl.java:195)         uk.ac.manchester.cs.owl.owlapi.OWLOntologyManagerImpl.load(OWLOntologyManagerImpl.java:1105)         uk.ac.manchester.cs.owl.owlapi.OWLOntologyManagerImpl.loadOntology(OWLOntologyManagerImpl.java:1055)"
approximated_0d5857a3-e59e-4648-9efa-e40e9aa42ecc_Grounding.owl,MIS_128,parse,FAIL,Identifier,"Problem parsing inputstream:ontology15931275138607 Could not parse ontology.  Either a suitable parser could not be found, or parsing failed.  See parser logs below for explanation. The following parsers were tried: 1) it.poliba.sisinflab.protocowl.ProtocOWLParser@7c70a117   Detailed logs: -------------------------------------------------------------------------------- Parser: it.poliba.sisinflab.protocowl.ProtocOWLParser@7c70a117     Stack trace: Identifier index out of bounds: 39        it.poliba.sisinflab.protocowl.Parser.getIdentifier(Parser.java:675)         it.poliba.sisinflab.protocowl.Parser.parseObjectPropertyExpression(Parser.java:586)         it.poliba.sisinflab.protocowl.Parser.parseClassExpression(Parser.java:543)         it.poliba.sisinflab.protocowl.Parser.parseClassAssertion(Parser.java:462)         it.poliba.sisinflab.protocowl.Parser.parseFrame(Parser.java:182)         it.poliba.sisinflab.protocowl.Parser.parse(Parser.java:45)         it.poliba.sisinflab.protocowl.ProtocOWLParser.parse(ProtocOWLParser.java:37)         uk.ac.manchester.cs.owl.owlapi.OWLOntologyFactoryImpl.loadOWLOntology(OWLOntologyFactoryImpl.java:195)         uk.ac.manchester.cs.owl.owlapi.OWLOntologyManagerImpl.load(OWLOntologyManagerImpl.java:1105)         uk.ac.manchester.cs.owl.owlapi.OWLOntologyManagerImpl.loadOntology(OWLOntologyManagerImpl.java:1055)"
approximated_0d5857a3-e59e-4648-9efa-e40e9aa42ecc_Grounding.owl,functional,render,OK,,
approximated_0d5857a3-e59e-4648-9efa-e40e9aa42ecc_Grounding.owl,std,parse,FAIL,Identifier,"Problem parsing inputstream:ontology15931275138606 Could not parse ontology.  Either a suitable parser could not be found, or parsing failed.  See parser logs below for explanation. The following parsers were tried: 1) it.poliba.sisinflab.protocowl.ProtocOWLParser@6c29e18d   Detailed logs: -------------------------------------------------------------------------------- Parser: it.poliba.sisinflab.protocowl.ProtocOWLParser@6c29e18d     Stack trace: Identifier index out of bounds: 39        it.poliba.sisinflab.protocowl.Parser.getIdentifier(Parser.java:675)         it.poliba.sisinflab.protocowl.Parser.parseObjectPropertyExpression(Parser.java:586)         it.poliba.sisinflab.protocowl.Parser.parseClassExpression(Parser.java:543)         it.poliba.sisinflab.protocowl.Parser.parseClassAssertion(Parser.java:462)         it.poliba.sisinflab.protocowl.Parser.parseFrame(Parser.java:182)         it.poliba.sisinflab.protocowl.Parser.parse(Parser.java:45)         it.poliba.sisinflab.protocowl.ProtocOWLParser.parse(ProtocOWLParser.java:37)         uk.ac.manchester.cs.owl.owlapi.OWLOntologyFactoryImpl.loadOWLOntology(OWLOntologyFactoryImpl.java:195)         uk.ac.manchester.cs.owl.owlapi.OWLOntologyManagerImpl.load(OWLOntologyManagerImpl.java:1105)         uk.ac.manchester.cs.owl.owlapi.OWLOntologyManagerImpl.loadOntology(OWLOntologyManagerImpl.java:1055)"
approximated_187f0d06-043e-4d8a-82a7-f5a2d020ec79_pmbok4.owl,MIS_128,parse,FAIL,Identifier,"Problem parsing inputstream:ontology15931275138610 Could not parse ontology.  Either a suitable parser could not be found, or parsing failed.  See parser logs below for explanation. The following parsers were tried: 1) it.poliba.sisinflab.protocowl.ProtocOWLParser@3817a295   Detailed logs: -------------------------------------------------------------------------------- Parser: it.poliba.sisinflab.protocowl.ProtocOWLParser@3817a295     Stack trace: Identifier index out of bounds: 25        it.poliba.sisinflab.protocowl.Parser.getIdentifier(Parser.java:675)         it.poliba.sisinflab.protocowl.Parser.parseClassExpression(Parser.java:508)         it.poliba.sisinflab.protocowl.Parser.parseClassExpression(Parser.java:523)         it.poliba.sisinflab.protocowl.Parser.parseClassAssertion(Parser.java:462)         it.poliba.sisinflab.protocowl.Parser.parseFrame(Parser.java:182)         it.poliba.sisinflab.protocowl.Parser.parse(Parser.java:45)         it.poliba.sisinflab.protocowl.ProtocOWLParser.parse(ProtocOWLParser.java:37)         uk.ac.manchester.cs.owl.owlapi.OWLOntologyFactoryImpl.loadOWLOntology(OWLOntologyFactoryImpl.java:195)         uk.ac.manchester.cs.owl.owlapi.OWLOntologyManagerImpl.load(OWLOntologyManagerImpl.java:1105)         uk.ac.manchester.cs.owl.owlapi.OWLOntologyManagerImpl.loadOntology(OWLOntologyManagerImpl.java:1055)"
approximated_187f0d06-043e-4d8a-82a7-f5a2d020ec79_pmbok4.owl,functional,render,OK,,
approximated_187f0d06-043e-4d8a-82a7-f5a2d020ec79_pmbok4.owl,std,parse,FAIL,Identifier,"Problem parsing inputstream:ontology15931275138609 Could not parse ontology.  Either a suitable parser could not be found, or parsing failed.  See parser logs below for explanation. The following parsers were tried: 1) it.poliba.sisinflab.protocowl.ProtocOWLParser@62ee2a2a   Detailed logs: -------------------------------------------------------------------------------- Parser: it.poliba.sisinflab.protocowl.ProtocOWLParser@62ee2a2a     Stack trace: Identifier index out of bounds: 25        it.poliba.sisinflab.protocowl.Parser.getIdentifier(Parser.java:675)         it.poliba.sisinflab.protocowl.Parser.parseClassExpression(Parser.java:508)         it.poliba.sisinflab.protocowl.Parser.parseClassExpression(Parser.java:523)         it.poliba.sisinflab.protocowl.Parser.parseClassAssertion(Parser.java:462)         it.poliba.sisinflab.protocowl.Parser.parseFrame(Parser.java:182)         it.poliba.sisinflab.protocowl.Parser.parse(Parser.java:45)         it.poliba.sisinflab.protocowl.ProtocOWLParser.parse(ProtocOWLParser.java:37)         uk.ac.manchester.cs.owl.owlapi.OWLOntologyFactoryImpl.loadOWLOntology(OWLOntologyFactoryImpl.java:195)         uk.ac.manchester.cs.owl.owlapi.OWLOntologyManagerImpl.load(OWLOntologyManagerImpl.java:1105)         uk.ac.manchester.cs.owl.owlapi.OWLOntologyManagerImpl.loadOntology(OWLOntologyManagerImpl.java:1055)"
approximated_261f18de-581b-4334-9bd1-fa87028404cc__component.owl,MIS_128,parse,FAIL,Identifier,"Problem parsing inputstream:ontology15931275138613 Could not parse ontology.  Either a suitable parser could not be found, or parsing failed.  See parser logs below for explanation. The following parsers were tried: 1) it.poliba.sisinflab.protocowl.ProtocOWLParser@72915e25   Detailed logs: -------------------------------------------------------------------------------- Parser: it.poliba.sisinflab.protocowl.ProtocOWLParser@72915e25     Stack trace: Identifier index out of bounds: 41        it.poliba.sisinflab.protocowl.Parser.getIdentifier(Parser.java:675)         it.poliba.sisinflab.protocowl.Parser.parseObjectPropertyExpression(Parser.java:586)         it.poliba.sisinflab.protocowl.Parser.parseClassExpression(Parser.java:535)         it.poliba.sisinflab.protocowl.Parser.parseClassAssertion(Parser.java:462)         it.poliba.sisinflab.protocowl.Parser.parseFrame(Parser.java:182)         it.poliba.sisinflab.protocowl.Parser.parse(Parser.java:45)         it.poliba.sisinflab.protocowl.ProtocOWLParser.parse(ProtocOWLParser.java:37)         uk.ac.manchester.cs.owl.owlapi.OWLOntologyFactoryImpl.loadOWLOntology(OWLOntologyFactoryImpl.java:195)         uk.ac.manchester.cs.owl.owlapi.OWLOntologyManagerImpl.load(OWLOntologyManagerImpl.java:1105)         uk.ac.manchester.cs.owl.owlapi.OWLOntologyManagerImpl.loadOntology(OWLOntologyManagerImpl.java:1055)"
approximated_261f18de-581b-4334-9bd1-fa87028404cc__component.owl,functional,render,OK,,
approximated_261f18de-581b-4334-9bd1-fa87028404cc__component.owl,std,parse,FAIL,Identifier,"Problem parsing inputstream:ontology15931275138612 Could not parse ontology.  Either a suitable parser could not be found, or parsing failed.  See parser logs below for explanation. The following parsers were tried: 1) it.poliba.sisinflab.protocowl.ProtocOWLParser@6a230b01   Detailed logs: -------------------------------------------------------------------------------- Parser: it.poliba.sisinflab.protocowl.ProtocOWLParser@6a230b01     Stack trace: Identifier index out of bounds: 41        it.poliba.sisinflab.protocowl.Parser.getIdentifier(Parser.java:675)         it.poliba.sisinflab.protocowl.Parser.parseObjectPropertyExpression(Parser.java:586)         it.poliba.sisinflab.protocowl.Parser.parseClassExpression(Parser.java:535)         it.poliba.sisinflab.protocowl.Parser.parseClassAssertion(Parser.java:462)         it.poliba.sisinflab.protocowl.Parser.parseFrame(Parser.java:182)         it.poliba.sisinflab.protocowl.Parser.parse(Parser.java:45)         it.poliba.sisinflab.protocowl.ProtocOWLParser.parse(ProtocOWLParser.java:37)         uk.ac.manchester.cs.owl.owlapi.OWLOntologyFactoryImpl.loadOWLOntology(OWLOntologyFactoryImpl.java:195)         uk.ac.manchester.cs.owl.owlapi.OWLOntologyManagerImpl.load(OWLOntologyManagerImpl.java:1105)         uk.ac.manchester.cs.owl.owlapi.OWLOntologyManagerImpl.loadOntology(OWLOntologyManagerImpl.java:1055)"
approximated_2886c605-9dfb-4cc2-9528-8b56dd528434_CMO_OWL.owl,MIS_128,parse,FAIL,Identifier,"Problem parsing inputstream:ontology15931275138616 Could not parse ontology.  Either a suitable parser could not be found, or parsing failed.  See parser logs below for explanation. The following parsers were tried: 1) it.poliba.sisinflab.protocowl.ProtocOWLParser@291d0b19   Detailed logs: -------------------------------------------------------------------------------- Parser: it.poliba.sisinflab.protocowl.ProtocOWLParser@291d0b19     Stack trace: Identifier index out of bounds: 85        it.poliba.sisinflab.protocowl.Parser.getIdentifier(Parser.java:675)         it.poliba.sisinflab.protocowl.Parser.parseClassExpression(Parser.java:508)         it.poliba.sisinflab.protocowl.Parser.parseClassAssertion(Parser.java:462)         it.poliba.sisinflab.protocowl.Parser.parseFrame(Parser.java:182)         it.poliba.sisinflab.protocowl.Parser.parse(Parser.java:45)         it.poliba.sisinflab.protocowl.ProtocOWLParser.parse(ProtocOWLParser.java:37)         uk.ac.manchester.cs.owl.owlapi.OWLOntologyFactoryImpl.loadOWLOntology(OWLOntologyFactoryImpl.java:195)         uk.ac.manchester.cs.owl.owlapi.OWLOntologyManagerImpl.load(OWLOntologyManagerImpl.java:1105)         uk.ac.manchester.cs.owl.owlapi.OWLOntologyManagerImpl.loadOntology(OWLOntologyManagerImpl.java:1055)         uk.ac.manchester.cs.owl.owlapi.OWLOntologyManagerImpl.loadOntologyFromOntologyDocument(OWLOntologyManagerImpl.java:1005)"
approximated_2886c605-9dfb-4cc2-9528-8b56dd528434_CMO_OWL.owl,functional,render,OK,,
approximated_2886c605-9dfb-4cc2-9528-8b56dd528434_CMO_OWL.owl,std,parse,FAIL,Identifier,"Problem parsing inputstream:ontology15931275138615 Could not parse ontology.  Either a suitable parser could not be found, or parsing failed.  See parser logs below for explanation. The following parsers were tried: 1) it.poliba.sisinflab.protocowl.ProtocOWLParser@178a8233   Detailed logs: -------------------------------------------------------------------------------- Parser: it.poliba.sisinflab.protocowl.ProtocOWLParser@178a8233     Stack trace: Identifier index out of bounds: 85        it.poliba.sisinflab.protocowl.Parser.getIdentifier(Parser.java:675)         it.poliba.sisinflab.protocowl.Parser.parseClassExpression(Parser.java:508)         it.poliba.sisinflab.protocowl.Parser.parseClassAssertion(Parser.java:462)         it.poliba.sisinflab.protocowl.Parser.parseFrame(Parser.java:182)         it.poliba.sisinflab.protocowl.Parser.parse(Parser.java:45)         it.poliba.sisinflab.protocowl.ProtocOWLParser.parse(ProtocOWLParser.java:37)         uk.ac.manchester.cs.owl.owlapi.OWLOntologyFactoryImpl.loadOWLOntology(OWLOntologyFactoryImpl.java:195)         uk.ac.manchester.cs.owl.owlapi.OWLOntologyManagerImpl.load(OWLOntologyManagerImpl.java:1105)         uk.ac.manchester.cs.owl.owlapi.OWLOntologyManagerImpl.loadOntology(OWLOntologyManagerImpl.java:1055)         uk.ac.manchester.cs.owl.owlapi.OWLOntologyManagerImpl.loadOntologyFromOntologyDocument(OWLOntologyManagerImpl.java:1005)"
approximated_2c12ed51-4979-4434-914a-ecea1d50d0da_udy_design.owl,MIS_128,parse,FAIL,Identifier,"Problem parsing inputstream:ontology15931275138619 Could not parse ontology.  Either a suitable parser could not be found, or parsing failed.  See parser logs below for explanation. The following parsers were tried: 1) it.poliba.sisinflab.protocowl.ProtocOWLParser@11183066   Detailed logs: -------------------------------------------------------------------------------- Parser: it.poliba.sisinflab.protocowl.ProtocOWLParser@11183066     Stack trace: Identifier index out of bounds: 23        it.poliba.sisinflab.protocowl.Parser.getIdentifier(Parser.java:675)         it.poliba.sisinflab.protocowl.Parser.parseClassExpression(Parser.java:508)         it.poliba.sisinflab.protocowl.Parser.parseClassExpression(Parser.java:523)         it.poliba.sisinflab.protocowl.Parser.parseClassAssertion(Parser.java:462)         it.poliba.sisinflab.protocowl.Parser.parseFrame(Parser.java:182)         it.poliba.sisinflab.protocowl.Parser.parse(Parser.java:45)         it.poliba.sisinflab.protocowl.ProtocOWLParser.parse(ProtocOWLParser.java:37)         uk.ac.manchester.cs.owl.owlapi.OWLOntologyFactoryImpl.loadOWLOntology(OWLOntologyFactoryImpl.java:195)         uk.ac.manchester.cs.owl.owlapi.OWLOntologyManagerImpl.load(OWLOntologyManagerImpl.java:1105)         uk.ac.manchester.cs.owl.owlapi.OWLOntologyManagerImpl.loadOntology(OWLOntologyManagerImpl.java:1055)"
approximated_2c12ed51-4979-4434-914a-ecea1d50d0da_udy_design.owl,functional,render,OK,,
approximated_2c12ed51-4979-4434-914a-ecea1d50d0da_udy_design.owl,std,parse,FAIL,Identifier,"Problem parsing inputstream:ontology15931275138618 Could not parse ontology.  Either a suitable parser could not be found, or parsing failed.  See parser logs below for explanation. The following parsers were tried: 1) it.poliba.sisinflab.protocowl.ProtocOWLParser@27020376   Detailed logs: -------------------------------------------------------------------------------- Parser: it.poliba.sisinflab.protocowl.ProtocOWLParser@27020376     Stack trace: Identifier index out of bounds: 23        it.poliba.sisinflab.protocowl.Parser.getIdentifier(Parser.java:675)         it.poliba.sisinflab.protocowl.Parser.parseClassExpression(Parser.java:508)         it.poliba.sisinflab.protocowl.Parser.parseClassExpression(Parser.java:523)         it.poliba.sisinflab.protocowl.Parser.parseClassAssertion(Parser.java:462)         it.poliba.sisinflab.protocowl.Parser.parseFrame(Parser.java:182)         it.poliba.sisinflab.protocowl.Parser.parse(Parser.java:45)         it.poliba.sisinflab.protocowl.ProtocOWLParser.parse(ProtocOWLParser.java:37)         uk.ac.manchester.cs.owl.owlapi.OWLOntologyFactoryImpl.loadOWLOntology(OWLOntologyFactoryImpl.java:195)         uk.ac.manchester.cs.owl.owlapi.OWLOntologyManagerImpl.load(OWLOntologyManagerImpl.java:1105)         uk.ac.manchester.cs.owl.owlapi.OWLOntologyManagerImpl.loadOntology(OWLOntologyManagerImpl.java:1055)"
approximated_3b913059-e630-4275-be45-859984a1b7be_e_semantic.rdf,MIS_128,parse,FAIL,Identifier,"Problem parsing inputstream:ontology15931275138622 Could not parse ontology.  Either a suitable parser could not be found, or parsing failed.  See parser logs below for explanation. The following parsers were tried: 1) it.poliba.sisinflab.protocowl.ProtocOWLParser@37ef756d   Detailed logs: -------------------------------------------------------------------------------- Parser: it.poliba.sisinflab.protocowl.ProtocOWLParser@37ef756d     Stack trace: Identifier index out of bounds: 54        it.poliba.sisinflab.protocowl.Parser.getIdentifier(Parser.java:675)         it.poliba.sisinflab.protocowl.Parser.parseClassExpression(Parser.java:508)         it.poliba.sisinflab.protocowl.Parser.parseClassAssertion(Parser.java:462)         it.poliba.sisinflab.protocowl.Parser.parseFrame(Parser.java:182)         it.poliba.sisinflab.protocowl.Parser.parse(Parser.java:45)         it.poliba.sisinflab.protocowl.ProtocOWLParser.parse(ProtocOWLParser.java:37)         uk.ac.manchester.cs.owl.owlapi.OWLOntologyFactoryImpl.loadOWLOntology(OWLOntologyFactoryImpl.java:195)         uk.ac.manchester.cs.owl.owlapi.OWLOntologyManagerImpl.load(OWLOntologyManagerImpl.java:1105)         uk.ac.manchester.cs.owl.owlapi.OWLOntologyManagerImpl.loadOntology(OWLOntologyManagerImpl.java:1055)         uk.ac.manchester.cs.owl.owlapi.OWLOntologyManagerImpl.loadOntologyFromOntologyDocument(OWLOntologyManagerImpl.java:1005)"
approximated_3b913059-e630-4275-be45-859984a1b7be_e_semantic.rdf,functional,render,OK,,
approximated_3b913059-e630-4275-be45-859984a1b7be_e_semantic.rdf,std,parse,FAIL,Identifier,"Problem parsing inputstream:ontology15931275138621 Could not parse ontology.  Either a suitable parser could not be found, or parsing failed.  See parser logs below for explanation. The following parsers were tried: 1) it.poliba.sisinflab.protocowl.ProtocOWLParser@f25ab03   Detailed logs: -------------------------------------------------------------------------------- Parser: it.poliba.sisinflab.protocowl.ProtocOWLParser@f25ab03     Stack trace: Identifier index out of bounds: 54        it.poliba.sisinflab.protocowl.Parser.getIdentifier(Parser.java:675)         it.poliba.sisinflab.protocowl.Parser.parseClassExpression(Parser.java:508)         it.poliba.sisinflab.protocowl.Parser.parseClassAssertion(Parser.java:462)         it.poliba.sisinflab.protocowl.Parser.parseFrame(Parser.java:182)         it.poliba.sisinflab.protocowl.Parser.parse(Parser.java:45)         it.poliba.sisinflab.protocowl.ProtocOWLParser.parse(ProtocOWLParser.java:37)         uk.ac.manchester.cs.owl.owlapi.OWLOntologyFactoryImpl.loadOWLOntology(OWLOntologyFactoryImpl.java:195)         uk.ac.manchester.cs.owl.owlapi.OWLOntologyManagerImpl.load(OWLOntologyManagerImpl.java:1105)         uk.ac.manchester.cs.owl.owlapi.OWLOntologyManagerImpl.loadOntology(OWLOntologyManagerImpl.java:1055)         uk.ac.manchester.cs.owl.owlapi.OWLOntologyManagerImpl.loadOntologyFromOntologyDocument(OWLOntologyManagerImpl.java:1005)"
approximated_4907f5f7-6fb8-49a4-8f69-33907519ca4e_bio2rdf.owl,MIS_128,parse,FAIL,Identifier,"Problem parsing inputstream:ontology15931275138625 Could not parse ontology.  Either a suitable parser could not be found, or parsing failed.  See parser logs below for explanation. The following parsers were tried: 1) it.poliba.sisinflab.protocowl.ProtocOWLParser@34beefcc   Detailed logs: -------------------------------------------------------------------------------- Parser: it.poliba.sisinflab.protocowl.ProtocOWLParser@34beefcc     Stack trace: Identifier index out of bounds: 36        it.poliba.sisinflab.protocowl.Parser.getIdentifier(Parser.java:675)         it.poliba.sisinflab.protocowl.Parser.parseClassExpression(Parser.java:508)         it.poliba.sisinflab.protocowl.Parser.parseClassAssertion(Parser.java:462)         it.poliba.sisinflab.protocowl.Parser.parseFrame(Parser.java:182)         it.poliba.sisinflab.protocowl.Parser.parse(Parser.java:45)         it.poliba.sisinflab.protocowl.ProtocOWLParser.parse(ProtocOWLParser.java:37)         uk.ac.manchester.cs.owl.owlapi.OWLOntologyFactoryImpl.loadOWLOntology(OWLOntologyFactoryImpl.java:195)         uk.ac.manchester.cs.owl.owlapi.OWLOntologyManagerImpl.load(OWLOntologyManagerImpl.java:1105)         uk.ac.manchester.cs.owl.owlapi.OWLOntologyManagerImpl.loadOntology(OWLOntologyManagerImpl.java:1055)         uk.ac.manchester.cs.owl.owlapi.OWLOntologyManagerImpl.loadOntologyFromOntologyDocument(OWLOntologyManagerImpl.java:1005)"
approximated_4907f5f7-6fb8-49a4-8f69-33907519ca4e_bio2rdf.owl,functional,render,OK,,
approximated_4907f5f7-6fb8-49a4-8f69-33907519ca4e_bio2rdf.owl,std,parse,FAIL,Identifier,"Problem parsing inputstream:ontology15931275138624 Could not parse ontology.  Either a suitable parser could not be found, or parsing failed.  See parser logs below for explanation. The following parsers were tried: 1) it.poliba.sisinflab.protocowl.ProtocOWLParser@819b7a1   Detailed logs: -------------------------------------------------------------------------------- Parser: it.poliba.sisinflab.protocowl.ProtocOWLParser@819b7a1     Stack trace: Identifier index out of bounds: 36        it.poliba.sisinflab.protocowl.Parser.getIdentifier(Parser.java:675)         it.poliba.sisinflab.protocowl.Parser.parseClassExpression(Parser.java:508)         it.poliba.sisinflab.protocowl.Parser.parseClassAssertion(Parser.java:462)         it.poliba.sisinflab.protocowl.Parser.parseFrame(Parser.java:182)         it.poliba.sisinflab.protocowl.Parser.parse(Parser.java:45)         it.poliba.sisinflab.protocowl.ProtocOWLParser.parse(ProtocOWLParser.java:37)         uk.ac.manchester.cs.owl.owlapi.OWLOntologyFactoryImpl.loadOWLOntology(OWLOntologyFactoryImpl.java:195)         uk.ac.manchester.cs.owl.owlapi.OWLOntologyManagerImpl.load(OWLOntologyManagerImpl.java:1105)         uk.ac.manchester.cs.owl.owlapi.OWLOntologyManagerImpl.loadOntology(OWLOntologyManagerImpl.java:1055)         uk.ac.manchester.cs.owl.owlapi.OWLOntologyManagerImpl.loadOntologyFromOntologyDocument(OWLOntologyManagerImpl.java:1005)"
approximated_4e70f119-38cb-4762-aae7-b588cfa028e0_Profile.owl,MIS_128,parse,FAIL,Identifier,"Problem parsing inputstream:ontology15931275138628 Could not parse ontology.  Either a suitable parser could not be found, or parsing failed.  See parser logs below for explanation. The following parsers were tried: 1) it.poliba.sisinflab.protocowl.ProtocOWLParser@4b42b499   Detailed logs: -------------------------------------------------------------------------------- Parser: it.poliba.sisinflab.protocowl.ProtocOWLParser@4b42b499     Stack trace: Identifier index out of bounds: 39        it.poliba.sisinflab.protocowl.Parser.getIdentifier(Parser.java:675)         it.poliba.sisinflab.protocowl.Parser.parseObjectPropertyExpression(Parser.java:586)         it.poliba.sisinflab.protocowl.Parser.parseClassExpression(Parser.java:543)         it.poliba.sisinflab.protocowl.Parser.parseClassAssertion(Parser.java:462)         it.poliba.sisinflab.protocowl.Parser.parseFrame(Parser.java:182)         it.poliba.sisinflab.protocowl.Parser.parse(Parser.java:45)         it.poliba.sisinflab.protocowl.ProtocOWLParser.parse(ProtocOWLParser.java:37)         uk.ac.manchester.cs.owl.owlapi.OWLOntologyFactoryImpl.loadOWLOntology(OWLOntologyFactoryImpl.java:195)         uk.ac.manchester.cs.owl.owlapi.OWLOntologyManagerImpl.load(OWLOntologyManagerImpl.java:1105)         uk.ac.manchester.cs.owl.owlapi.OWLOntologyManagerImpl.loadOntology(OWLOntologyManagerImpl.java:1055)"
approximated_4e70f119-38cb-4762-aae7-b588cfa028e0_Profile.owl,functional,render,OK,,
approximated_4e70f119-38cb-4762-aae7-b588cfa028e0_Profile.owl,std,parse,FAIL,Identifier,"Problem parsing inputstream:ontology15931275138627 Could not parse ontology.  Either a suitable parser could not be found, or parsing failed.  See parser logs below for explanation. The following parsers were tried: 1) it.poliba.sisinflab.protocowl.ProtocOWLParser@7f5148a6   Detailed logs: -------------------------------------------------------------------------------- Parser: it.poliba.sisinflab.protocowl.ProtocOWLParser@7f5148a6     Stack trace: Identifier index out of bounds: 39        it.poliba.sisinflab.protocowl.Parser.getIdentifier(Parser.java:675)         it.poliba.sisinflab.protocowl.Parser.parseObjectPropertyExpression(Parser.java:586)         it.poliba.sisinflab.protocowl.Parser.parseClassExpression(Parser.java:543)         it.poliba.sisinflab.protocowl.Parser.parseClassAssertion(Parser.java:462)         it.poliba.sisinflab.protocowl.Parser.parseFrame(Parser.java:182)         it.poliba.sisinflab.protocowl.Parser.parse(Parser.java:45)         it.poliba.sisinflab.protocowl.ProtocOWLParser.parse(ProtocOWLParser.java:37)         uk.ac.manchester.cs.owl.owlapi.OWLOntologyFactoryImpl.loadOWLOntology(OWLOntologyFactoryImpl.java:195)         uk.ac.manchester.cs.owl.owlapi.OWLOntologyManagerImpl.load(OWLOntologyManagerImpl.java:1105)         uk.ac.manchester.cs.owl.owlapi.OWLOntologyManagerImpl.loadOntology(OWLOntologyManagerImpl.java:1055)"
approximated_50c9ffca-2132-4434-afab-d4ce20cc2714_SUMOLite.owl,MIS_128,parse,FAIL,Identifier,"Problem parsing inputstream:ontology15931275138631 Could not parse ontology.  Either a suitable parser could not be found, or parsing failed.  See parser logs below for explanation. The following parsers were tried: 1) it.poliba.sisinflab.protocowl.ProtocOWLParser@387cc23d   Detailed logs: -------------------------------------------------------------------------------- Parser: it.poliba.sisinflab.protocowl.ProtocOWLParser@387cc23d     Stack trace: Identifier index out of bounds: 24        it.poliba.sisinflab.protocowl.Parser.getIdentifier(Parser.java:675)         it.poliba.sisinflab.protocowl.Parser.parseClassExpression(Parser.java:508)         it.poliba.sisinflab.protocowl.Parser.parseClassExpression(Parser.java:523)         it.poliba.sisinflab.protocowl.Parser.parseClassAssertion(Parser.java:462)         it.poliba.sisinflab.protocowl.Parser.parseFrame(Parser.java:182)         it.poliba.sisinflab.protocowl.Parser.parse(Parser.java:45)         it.poliba.sisinflab.protocowl.ProtocOWLParser.parse(ProtocOWLParser.java:37)         uk.ac.manchester.cs.owl.owlapi.OWLOntologyFactoryImpl.loadOWLOntology(OWLOntologyFactoryImpl.java:195)         uk.ac.manchester.cs.owl.owlapi.OWLOntologyManagerImpl.load(OWLOntologyManagerImpl.java:1105)         uk.ac.manchester.cs.owl.owlapi.OWLOntologyManagerImpl.loadOntology(OWLOntologyManagerImpl.java:1055)"
approximated_50c9ffca-2132-4434-afab-d4ce20cc2714_SUMOLite.owl,functional,render,OK,,
approximated_50c9ffca-2132-4434-afab-d4ce20cc2714_SUMOLite.owl,std,parse,FAIL,Identifier,"Problem parsing inputstream:ontology15931275138630 Could not parse ontology.  Either a suitable parser could not be found, or parsing failed.  See parser logs below for explanation. The following parsers were tried: 1) it.poliba.sisinflab.protocowl.ProtocOWLParser@53a154fd   Detailed logs: -------------------------------------------------------------------------------- Parser: it.poliba.sisinflab.protocowl.ProtocOWLParser@53a154fd     Stack trace: Identifier index out of bounds: 24        it.poliba.sisinflab.protocowl.Parser.getIdentifier(Parser.java:675)         it.poliba.sisinflab.protocowl.Parser.parseClassExpression(Parser.java:508)         it.poliba.sisinflab.protocowl.Parser.parseClassExpression(Parser.java:523)         it.poliba.sisinflab.protocowl.Parser.parseClassAssertion(Parser.java:462)         it.poliba.sisinflab.protocowl.Parser.parseFrame(Parser.java:182)         it.poliba.sisinflab.protocowl.Parser.parse(Parser.java:45)         it.poliba.sisinflab.protocowl.ProtocOWLParser.parse(ProtocOWLParser.java:37)         uk.ac.manchester.cs.owl.owlapi.OWLOntologyFactoryImpl.loadOWLOntology(OWLOntologyFactoryImpl.java:195)         uk.ac.manchester.cs.owl.owlapi.OWLOntologyManagerImpl.load(OWLOntologyManagerImpl.java:1105)         uk.ac.manchester.cs.owl.owlapi.OWLOntologyManagerImpl.loadOntology(OWLOntologyManagerImpl.java:1055)"
approximated_59c42aeb-6dc2-4824-a7ec-6aed305e2aa5_alModel2.0.owl,MIS_128,parse,FAIL,Identifier,"Problem parsing inputstream:ontology15931275138634 Could not parse ontology.  Either a suitable parser could not be found, or parsing failed.  See parser logs below for explanation. The following parsers were tried: 1) it.poliba.sisinflab.protocowl.ProtocOWLParser@62651021   Detailed logs: -------------------------------------------------------------------------------- Parser: it.poliba.sisinflab.protocowl.ProtocOWLParser@62651021     Stack trace: Identifier index out of bounds: 24        it.poliba.sisinflab.protocowl.Parser.getIdentifier(Parser.java:675)         it.poliba.sisinflab.protocowl.Parser.parseClassExpression(Parser.java:508)         it.poliba.sisinflab.protocowl.Parser.parseClassExpression(Parser.java:523)         it.poliba.sisinflab.protocowl.Parser.parseClassAssertion(Parser.java:462)         it.poliba.sisinflab.protocowl.Parser.parseFrame(Parser.java:182)         it.poliba.sisinflab.protocowl.Parser.parse(Parser.java:45)         it.poliba.sisinflab.protocowl.ProtocOWLParser.parse(ProtocOWLParser.java:37)         uk.ac.manchester.cs.owl.owlapi.OWLOntologyFactoryImpl.loadOWLOntology(OWLOntologyFactoryImpl.java:195)         uk.ac.manchester.cs.owl.owlapi.OWLOntologyManagerImpl.load(OWLOntologyManagerImpl.java:1105)         uk.ac.manchester.cs.owl.owlapi.OWLOntologyManagerImpl.loadOntology(OWLOntologyManagerImpl.java:1055)"
approximated_59c42aeb-6dc2-4824-a7ec-6aed305e2aa5_alModel2.0.owl,functional,render,OK,,
approximated_59c42aeb-6dc2-4824-a7ec-6aed305e2aa5_alModel2.0.owl,std,parse,FAIL,Identifier,"Problem parsing inputstream:ontology15931275138633 Could not parse ontology.  Either a suitable parser could not be found, or parsing failed.  See parser logs below for explanation. The following parsers were tried: 1) it.poliba.sisinflab.protocowl.ProtocOWLParser@47af5124   Detailed logs: -------------------------------------------------------------------------------- Parser: it.poliba.sisinflab.protocowl.ProtocOWLParser@47af5124     Stack trace: Identifier index out of bounds: 24        it.poliba.sisinflab.protocowl.Parser.getIdentifier(Parser.java:675)         it.poliba.sisinflab.protocowl.Parser.parseClassExpression(Parser.java:508)         it.poliba.sisinflab.protocowl.Parser.parseClassExpression(Parser.java:523)         it.poliba.sisinflab.protocowl.Parser.parseClassAssertion(Parser.java:462)         it.poliba.sisinflab.protocowl.Parser.parseFrame(Parser.java:182)         it.poliba.sisinflab.protocowl.Parser.parse(Parser.java:45)         it.poliba.sisinflab.protocowl.ProtocOWLParser.parse(ProtocOWLParser.java:37)         uk.ac.manchester.cs.owl.owlapi.OWLOntologyFactoryImpl.loadOWLOntology(OWLOntologyFactoryImpl.java:195)         uk.ac.manchester.cs.owl.owlapi.OWLOntologyManagerImpl.load(OWLOntologyManagerImpl.java:1105)         uk.ac.manchester.cs.owl.owlapi.OWLOntologyManagerImpl.loadOntology(OWLOntologyManagerImpl.java:1055)"
approximated_5a31ff58-7b01-4f05-b0ee-a5993d80b7ed_NIFOrganism.owl,MIS_128,parse,FAIL,Identifier,"Problem parsing inputstream:ontology15931275138637 Could not parse ontology.  Either a suitable parser could not be found, or parsing failed.  See parser logs below for explanation. The following parsers were tried: 1) it.poliba.sisinflab.protocowl.ProtocOWLParser@2ad03925   Detailed logs: -------------------------------------------------------------------------------- Parser: it.poliba.sisinflab.protocowl.ProtocOWLParser@2ad03925     Stack trace: Identifier index out of bounds: 39        it.poliba.sisinflab.protocowl.Parser.getIdentifier(Parser.java:675)         it.poliba.sisinflab.protocowl.Parser.parseObjectPropertyExpression(Parser.java:586)         it.poliba.sisinflab.protocowl.Parser.parseClassExpression(Parser.java:543)         it.poliba.sisinflab.protocowl.Parser.parseClassAssertion(Parser.java:462)         it.poliba.sisinflab.protocowl.Parser.parseFrame(Parser.java:182)         it.poliba.sisinflab.protocowl.Parser.parse(Parser.java:45)         it.poliba.sisinflab.protocowl.ProtocOWLParser.parse(ProtocOWLParser.java:37)         uk.ac.manchester.cs.owl.owlapi.OWLOntologyFactoryImpl.loadOWLOntology(OWLOntologyFactoryImpl.java:195)         uk.ac.manchester.cs.owl.owlapi.OWLOntologyManagerImpl.load(OWLOntologyManagerImpl.java:1105)         uk.ac.manchester.cs.owl.owlapi.OWLOntologyManagerImpl.loadOntology(OWLOntologyManagerImpl.java:1055)"
approximated_5a31ff58-7b01-4f05-b0ee-a5993d80b7ed_NIFOrganism.owl,functional,render,OK,,
approximated_5a31ff58-7b01-4f05-b0ee-a5993d80b7ed_NIFOrganism.owl,std,parse,FAIL,Identifier,"Problem parsing inputstream:ontology15931275138636 Could not parse ontology.  Either a suitable parser could not be found, or parsing failed.  See parser logs below for explanation. The following parsers were tried: 1) it.poliba.sisinflab.protocowl.ProtocOWLParser@6edb2890   Detailed logs: -------------------------------------------------------------------------------- Parser: it.poliba.sisinflab.protocowl.ProtocOWLParser@6edb2890     Stack trace: Identifier index out of bounds: 39        it.poliba.sisinflab.protocowl.Parser.getIdentifier(Parser.java:675)         it.poliba.sisinflab.protocowl.Parser.parseObjectPropertyExpression(Parser.java:586)         it.poliba.sisinflab.protocowl.Parser.parseClassExpression(Parser.java:543)         it.poliba.sisinflab.protocowl.Parser.parseClassAssertion(Parser.java:462)         it.poliba.sisinflab.protocowl.Parser.parseFrame(Parser.java:182)         it.poliba.sisinflab.protocowl.Parser.parse(Parser.java:45)         it.poliba.sisinflab.protocowl.ProtocOWLParser.parse(ProtocOWLParser.java:37)         uk.ac.manchester.cs.owl.owlapi.OWLOntologyFactoryImpl.loadOWLOntology(OWLOntologyFactoryImpl.java:195)         uk.ac.manchester.cs.owl.owlapi.OWLOntologyManagerImpl.load(OWLOntologyManagerImpl.java:1105)         uk.ac.manchester.cs.owl.owlapi.OWLOntologyManagerImpl.loadOntology(OWLOntologyManagerImpl.java:1055)"
approximated_8a0f3776-a145-498d-bff7-015edd0be169_ongkhalink.rdf,MIS_128,parse,FAIL,Identifier,"Problem parsing inputstream:ontology15931275138640 Could not parse ontology.  Either a suitable parser could not be found, or parsing failed.  See parser logs below for explanation. The following parsers were tried: 1) it.poliba.sisinflab.protocowl.ProtocOWLParser@1c2bfdfb   Detailed logs: -------------------------------------------------------------------------------- Parser: it.poliba.sisinflab.protocowl.ProtocOWLParser@1c2bfdfb     Stack trace: Identifier index out of bounds: 39        it.poliba.sisinflab.protocowl.Parser.getIdentifier(Parser.java:675)         it.poliba.sisinflab.protocowl.Parser.parseObjectPropertyExpression(Parser.java:586)         it.poliba.sisinflab.protocowl.Parser.parseClassExpression(Parser.java:539)         it.poliba.sisinflab.protocowl.Parser.parseClassAssertion(Parser.java:462)         it.poliba.sisinflab.protocowl.Parser.parseFrame(Parser.java:182)         it.poliba.sisinflab.protocowl.Parser.parse(Parser.java:45)         it.poliba.sisinflab.protocowl.ProtocOWLParser.parse(ProtocOWLParser.java:37)         uk.ac.manchester.cs.owl.owlapi.OWLOntologyFactoryImpl.loadOWLOntology(OWLOntologyFactoryImpl.java:195)         uk.ac.manchester.cs.owl.owlapi.OWLOntologyManagerImpl.load(OWLOntologyManagerImpl.java:1105)         uk.ac.manchester.cs.owl.owlapi.OWLOntologyManagerImpl.loadOntology(OWLOntologyManagerImpl.java:1055)"
approximated_8a0f3776-a145-498d-bff7-015edd0be169_ongkhalink.rdf,functional,render,OK,,
approximated_8a0f3776-a145-498d-bff7-015edd0be169_ongkhalink.rdf,std,parse,FAIL,Identifier,"Problem parsing inputstream:ontology15931275138639 Could not parse ontology.  Either a suitable parser could not be found, or parsing failed.  See parser logs below for explanation. The following parsers were tried: 1) it.poliba.sisinflab.protocowl.ProtocOWLParser@63ebc49c   Detailed logs: -------------------------------------------------------------------------------- Parser: it.poliba.sisinflab.protocowl.ProtocOWLParser@63ebc49c     Stack trace: Identifier index out of bounds: 39        it.poliba.sisinflab.protocowl.Parser.getIdentifier(Parser.java:675)         it.poliba.sisinflab.protocowl.Parser.parseObjectPropertyExpression(Parser.java:586)         it.poliba.sisinflab.protocowl.Parser.parseClassExpression(Parser.java:539)         it.poliba.sisinflab.protocowl.Parser.parseClassAssertion(Parser.java:462)         it.poliba.sisinflab.protocowl.Parser.parseFrame(Parser.java:182)         it.poliba.sisinflab.protocowl.Parser.parse(Parser.java:45)         it.poliba.sisinflab.protocowl.ProtocOWLParser.parse(ProtocOWLParser.java:37)         uk.ac.manchester.cs.owl.owlapi.OWLOntologyFactoryImpl.loadOWLOntology(OWLOntologyFactoryImpl.java:195)         uk.ac.manchester.cs.owl.owlapi.OWLOntologyManagerImpl.load(OWLOntologyManagerImpl.java:1105)         uk.ac.manchester.cs.owl.owlapi.OWLOntologyManagerImpl.loadOntology(OWLOntologyManagerImpl.java:1055)"
approximated_d4af5918-ea4f-41f6-af2c-1aac74993011_RIMDatatype,MIS_128,parse,FAIL,Identifier,"Problem parsing inputstream:ontology15931275138643 Could not parse ontology.  Either a suitable parser could not be found, or parsing failed.  See parser logs below for explanation. The following parsers were tried: 1) it.poliba.sisinflab.protocowl.ProtocOWLParser@625223c2   Detailed logs: -------------------------------------------------------------------------------- Parser: it.poliba.sisinflab.protocowl.ProtocOWLParser@625223c2     Stack trace: Identifier index out of bounds: 22        it.poliba.sisinflab.protocowl.Parser.getIdentifier(Parser.java:675)         it.poliba.sisinflab.protocowl.Parser.parseClassExpression(Parser.java:508)         it.poliba.sisinflab.protocowl.Parser.parseClassExpression(Parser.java:523)         it.poliba.sisinflab.protocowl.Parser.parseClassAssertion(Parser.java:462)         it.poliba.sisinflab.protocowl.Parser.parseFrame(Parser.java:182)         it.poliba.sisinflab.protocowl.Parser.parse(Parser.java:45)         it.poliba.sisinflab.protocowl.ProtocOWLParser.parse(ProtocOWLParser.java:37)         uk.ac.manchester.cs.owl.owlapi.OWLOntologyFactoryImpl.loadOWLOntology(OWLOntologyFactoryImpl.java:195)         uk.ac.manchester.cs.owl.owlapi.OWLOntologyManagerImpl.load(OWLOntologyManagerImpl.java:1105)         uk.ac.manchester.cs.owl.owlapi.OWLOntologyManagerImpl.loadOntology(OWLOntologyManagerImpl.java:1055)"
approximated_d4af5918-ea4f-41f6-af2c-1aac74993011_RIMDatatype,functional,render,OK,,
approximated_d4af5918-ea4f-41f6-af2c-1aac74993011_RIMDatatype,std,parse,FAIL,Identifier,"Problem parsing inputstream:ontology15931275138642 Could not parse ontology.  Either a suitable parser could not be found, or parsing failed.  See parser logs below for explanation. The following parsers were tried: 1) it.poliba.sisinflab.protocowl.ProtocOWLParser@31edb870   Detailed logs: -------------------------------------------------------------------------------- Parser: it.poliba.sisinflab.protocowl.ProtocOWLParser@31edb870     Stack trace: Identifier index out of bounds: 22        it.poliba.sisinflab.protocowl.Parser.getIdentifier(Parser.java:675)         it.poliba.sisinflab.protocowl.Parser.parseClassExpression(Parser.java:508)         it.poliba.sisinflab.protocowl.Parser.parseClassExpression(Parser.java:523)         it.poliba.sisinflab.protocowl.Parser.parseClassAssertion(Parser.java:462)         it.poliba.sisinflab.protocowl.Parser.parseFrame(Parser.java:182)         it.poliba.sisinflab.protocowl.Parser.parse(Parser.java:45)         it.poliba.sisinflab.protocowl.ProtocOWLParser.parse(ProtocOWLParser.java:37)         uk.ac.manchester.cs.owl.owlapi.OWLOntologyFactoryImpl.loadOWLOntology(OWLOntologyFactoryImpl.java:195)         uk.ac.manchester.cs.owl.owlapi.OWLOntologyManagerImpl.load(OWLOntologyManagerImpl.java:1105)         uk.ac.manchester.cs.owl.owlapi.OWLOntologyManagerImpl.loadOntology(OWLOntologyManagerImpl.java:1055)"
approximated_ec09fbd9-58ba-41a3-9c84-368d91118936_OBIMay2008.owl,MIS_128,parse,FAIL,Identifier,"Problem parsing inputstream:ontology15931275138646 Could not parse ontology.  Either a suitable parser could not be found, or parsing failed.  See parser logs below for explanation. The following parsers were tried: 1) it.poliba.sisinflab.protocowl.ProtocOWLParser@54d47d01   Detailed logs: -------------------------------------------------------------------------------- Parser: it.poliba.sisinflab.protocowl.ProtocOWLParser@54d47d01     Stack trace: Identifier index out of bounds: 22        it.poliba.sisinflab.protocowl.Parser.getIdentifier(Parser.java:675)         it.poliba.sisinflab.protocowl.Parser.parseClassExpression(Parser.java:508)         it.poliba.sisinflab.protocowl.Parser.parseClassExpression(Parser.java:523)         it.poliba.sisinflab.protocowl.Parser.parseClassAssertion(Parser.java:462)         it.poliba.sisinflab.protocowl.Parser.parseFrame(Parser.java:182)         it.poliba.sisinflab.protocowl.Parser.parse(Parser.java:45)         it.poliba.sisinflab.protocowl.ProtocOWLParser.parse(ProtocOWLParser.java:37)         uk.ac.manchester.cs.owl.owlapi.OWLOntologyFactoryImpl.loadOWLOntology(OWLOntologyFactoryImpl.java:195)         uk.ac.manchester.cs.owl.owlapi.OWLOntologyManagerImpl.load(OWLOntologyManagerImpl.java:1105)         uk.ac.manchester.cs.owl.owlapi.OWLOntologyManagerImpl.loadOntology(OWLOntologyManagerImpl.java:1055)"
approximated_ec09fbd9-58ba-41a3-9c84-368d91118936_OBIMay2008.owl,functional,render,OK,,
approximated_ec09fbd9-58ba-41a3-9c84-368d91118936_OBIMay2008.owl,std,parse,FAIL,Identifier,"Problem parsing inputstream:ontology15931275138645 Could not parse ontology.  Either a suitable parser could not be found, or parsing failed.  See parser logs below for explanation. The following parsers were tried: 1) it.poliba.sisinflab.protocowl.ProtocOWLParser@6580cb5f   Detailed logs: -------------------------------------------------------------------------------- Parser: it.poliba.sisinflab.protocowl.ProtocOWLParser@6580cb5f     Stack trace: Identifier index out of bounds: 22        it.poliba.sisinflab.protocowl.Parser.getIdentifier(Parser.java:675)         it.poliba.sisinflab.protocowl.Parser.parseClassExpression(Parser.java:508)         it.poliba.sisinflab.protocowl.Parser.parseClassExpression(Parser.java:523)         it.poliba.sisinflab.protocowl.Parser.parseClassAssertion(Parser.java:462)         it.poliba.sisinflab.protocowl.Parser.parseFrame(Parser.java:182)         it.poliba.sisinflab.protocowl.Parser.parse(Parser.java:45)         it.poliba.sisinflab.protocowl.ProtocOWLParser.parse(ProtocOWLParser.java:37)         uk.ac.manchester.cs.owl.owlapi.OWLOntologyFactoryImpl.loadOWLOntology(OWLOntologyFactoryImpl.java:195)         uk.ac.manchester.cs.owl.owlapi.OWLOntologyManagerImpl.load(OWLOntologyManagerImpl.java:1105)         uk.ac.manchester.cs.owl.owlapi.OWLOntologyManagerImpl.loadOntology(OWLOntologyManagerImpl.java:1055)"
approximated_faa95fb1-bdbd-4f60-b9cc-fda92c198986_PaulFisher.rdf,MIS_128,parse,FAIL,Identifier,"Problem parsing inputstream:ontology15931275138649 Could not parse ontology.  Either a suitable parser could not be found, or parsing failed.  See parser logs below for explanation. The following parsers were tried: 1) it.poliba.sisinflab.protocowl.ProtocOWLParser@48307adb   Detailed logs: -------------------------------------------------------------------------------- Parser: it.poliba.sisinflab.protocowl.ProtocOWLParser@48307adb     Stack trace: Identifier index out of bounds: 8        it.poliba.sisinflab.protocowl.Parser.getIdentifier(Parser.java:675)         it.poliba.sisinflab.protocowl.Parser.parseClassExpression(Parser.java:508)         it.poliba.sisinflab.protocowl.Parser.parseClassAssertion(Parser.java:462)         it.poliba.sisinflab.protocowl.Parser.parseFrame(Parser.java:182)         it.poliba.sisinflab.protocowl.Parser.parse(Parser.java:45)         it.poliba.sisinflab.protocowl.ProtocOWLParser.parse(ProtocOWLParser.java:37)         uk.ac.manchester.cs.owl.owlapi.OWLOntologyFactoryImpl.loadOWLOntology(OWLOntologyFactoryImpl.java:195)         uk.ac.manchester.cs.owl.owlapi.OWLOntologyManagerImpl.load(OWLOntologyManagerImpl.java:1105)         uk.ac.manchester.cs.owl.owlapi.OWLOntologyManagerImpl.loadOntology(OWLOntologyManagerImpl.java:1055)         uk.ac.manchester.cs.owl.owlapi.OWLOntologyManagerImpl.loadOntologyFromOntologyDocument(OWLOntologyManagerImpl.java:1005)"
approximated_faa95fb1-bdbd-4f60-b9cc-fda92c198986_PaulFisher.rdf,functional,render,OK,,
approximated_faa95fb1-bdbd-4f60-b9cc-fda92c198986_PaulFisher.rdf,std,parse,FAIL,Identifier,"Problem parsing inputstream:ontology15931275138648 Could not parse ontology.  Either a suitable parser could not be found, or parsing failed.  See parser logs below for explanation. The following parsers were tried: 1) it.poliba.sisinflab.protocowl.ProtocOWLParser@36ec9882   Detailed logs: -------------------------------------------------------------------------------- Parser: it.poliba.sisinflab.protocowl.ProtocOWLParser@36ec9882     Stack trace: Identifier index out of bounds: 8        it.poliba.sisinflab.protocowl.Parser.getIdentifier(Parser.java:675)         it.poliba.sisinflab.protocowl.Parser.parseClassExpression(Parser.java:508)         it.poliba.sisinflab.protocowl.Parser.parseClassAssertion(Parser.java:462)         it.poliba.sisinflab.protocowl.Parser.parseFrame(Parser.java:182)         it.poliba.sisinflab.protocowl.Parser.parse(Parser.java:45)         it.poliba.sisinflab.protocowl.ProtocOWLParser.parse(ProtocOWLParser.java:37)         uk.ac.manchester.cs.owl.owlapi.OWLOntologyFactoryImpl.loadOWLOntology(OWLOntologyFactoryImpl.java:195)         uk.ac.manchester.cs.owl.owlapi.OWLOntologyManagerImpl.load(OWLOntologyManagerImpl.java:1105)         uk.ac.manchester.cs.owl.owlapi.OWLOntologyManagerImpl.loadOntology(OWLOntologyManagerImpl.java:1055)         uk.ac.manchester.cs.owl.owlapi.OWLOntologyManagerImpl.loadOntologyFromOntologyDocument(OWLOntologyManagerImpl.java:1005)"
approximated_genomic-cds-demo.owl,MIS_128,parse,FAIL,Identifier,"Problem parsing inputstream:ontology15931275138652 Could not parse ontology.  Either a suitable parser could not be found, or parsing failed.  See parser logs below for explanation. The following parsers were tried: 1) it.poliba.sisinflab.protocowl.ProtocOWLParser@38da1caa   Detailed logs: -------------------------------------------------------------------------------- Parser: it.poliba.sisinflab.protocowl.ProtocOWLParser@38da1caa     Stack trace: Identifier index out of bounds: 22        it.poliba.sisinflab.protocowl.Parser.getIdentifier(Parser.java:675)         it.poliba.sisinflab.protocowl.Parser.parseClassExpression(Parser.java:508)         it.poliba.sisinflab.protocowl.Parser.parseClassExpression(Parser.java:523)         it.poliba.sisinflab.protocowl.Parser.parseClassAssertion(Parser.java:462)         it.poliba.sisinflab.protocowl.Parser.parseFrame(Parser.java:182)         it.poliba.sisinflab.protocowl.Parser.parse(Parser.java:45)         it.poliba.sisinflab.protocowl.ProtocOWLParser.parse(ProtocOWLParser.java:37)         uk.ac.manchester.cs.owl.owlapi.OWLOntologyFactoryImpl.loadOWLOntology(OWLOntologyFactoryImpl.java:195)         uk.ac.manchester.cs.owl.owlapi.OWLOntologyManagerImpl.load(OWLOntologyManagerImpl.java:1105)         uk.ac.manchester.cs.owl.owlapi.OWLOntologyManagerImpl.loadOntology(OWLOntologyManagerImpl.java:1055)"
approximated_genomic-cds-demo.owl,functional,render,OK,,
approximated_genomic-cds-demo.owl,std,parse,FAIL,Identifier,"Problem parsing inputstream:ontology15931275138651 Could not parse ontology.  Either a suitable parser could not be found, or parsing failed.  See parser logs below for explanation. The following parsers were tried: 1) it.poliba.sisinflab.protocowl.ProtocOWLParser@7294d9ae   Detailed logs: -------------------------------------------------------------------------------- Parser: it.poliba.sisinflab.protocowl.ProtocOWLParser@7294d9ae     Stack trace: Identifier index out of bounds: 22        it.poliba.sisinflab.protocowl.Parser.getIdentifier(Parser.java:675)         it.poliba.sisinflab.protocowl.Parser.parseClassExpression(Parser.java:508)         it.poliba.sisinflab.protocowl.Parser.parseClassExpression(Parser.java:523)         it.poliba.sisinflab.protocowl.Parser.parseClassAssertion(Parser.java:462)         it.poliba.sisinflab.protocowl.Parser.parseFrame(Parser.java:182)         it.poliba.sisinflab.protocowl.Parser.parse(Parser.java:45)         it.poliba.sisinflab.protocowl.ProtocOWLParser.parse(ProtocOWLParser.java:37)         uk.ac.manchester.cs.owl.owlapi.OWLOntologyFactoryImpl.loadOWLOntology(OWLOntologyFactoryImpl.java:195)         uk.ac.manchester.cs.owl.owlapi.OWLOntologyManagerImpl.load(OWLOntologyManagerImpl.java:1105)         uk.ac.manchester.cs.owl.owlapi.OWLOntologyManagerImpl.loadOntology(OWLOntologyManagerImpl.java:1055)"
approximated_genomic-cds.owl,MIS_128,parse,FAIL,Identifier,"Problem parsing inputstream:ontology15931275138655 Could not parse ontology.  Either a suitable parser could not be found, or parsing failed.  See parser logs below for explanation. The following parsers were tried: 1) it.poliba.sisinflab.protocowl.ProtocOWLParser@6908246c   Detailed logs: -------------------------------------------------------------------------------- Parser: it.poliba.sisinflab.protocowl.ProtocOWLParser@6908246c     Stack trace: Identifier index out of bounds: 22        it.poliba.sisinflab.protocowl.Parser.getIdentifier(Parser.java:675)         it.poliba.sisinflab.protocowl.Parser.parseClassExpression(Parser.java:508)         it.poliba.sisinflab.protocowl.Parser.parseClassExpression(Parser.java:523)         it.poliba.sisinflab.protocowl.Parser.parseClassAssertion(Parser.java:462)         it.poliba.sisinflab.protocowl.Parser.parseFrame(Parser.java:182)         it.poliba.sisinflab.protocowl.Parser.parse(Parser.java:45)         it.poliba.sisinflab.protocowl.ProtocOWLParser.parse(ProtocOWLParser.java:37)         uk.ac.manchester.cs.owl.owlapi.OWLOntologyFactoryImpl.loadOWLOntology(OWLOntologyFactoryImpl.java:195)         uk.ac.manchester.cs.owl.owlapi.OWLOntologyManagerImpl.load(OWLOntologyManagerImpl.java:1105)         uk.ac.manchester.cs.owl.owlapi.OWLOntologyManagerImpl.loadOntology(OWLOntologyManagerImpl.java:1055)"
approximated_genomic-cds.owl,functional,render,OK,,
approximated_genomic-cds.owl,std,parse,FAIL,Identifier,"Problem parsing inputstream:ontology15931275138654 Could not parse ontology.  Either a suitable parser could not be found, or parsing failed.  See parser logs below for explanation. The following parsers were tried: 1) it.poliba.sisinflab.protocowl.ProtocOWLParser@716aa292   Detailed logs: -------------------------------------------------------------------------------- Parser: it.poliba.sisinflab.protocowl.ProtocOWLParser@716aa292     Stack trace: Identifier index out of bounds: 22        it.poliba.sisinflab.protocowl.Parser.getIdentifier(Parser.java:675)         it.poliba.sisinflab.protocowl.Parser.parseClassExpression(Parser.java:508)         it.poliba.sisinflab.protocowl.Parser.parseClassExpression(Parser.java:523)         it.poliba.sisinflab.protocowl.Parser.parseClassAssertion(Parser.java:462)         it.poliba.sisinflab.protocowl.Parser.parseFrame(Parser.java:182)         it.poliba.sisinflab.protocowl.Parser.parse(Parser.java:45)         it.poliba.sisinflab.protocowl.ProtocOWLParser.parse(ProtocOWLParser.java:37)         uk.ac.manchester.cs.owl.owlapi.OWLOntologyFactoryImpl.loadOWLOntology(OWLOntologyFactoryImpl.java:195)         uk.ac.manchester.cs.owl.owlapi.OWLOntologyManagerImpl.load(OWLOntologyManagerImpl.java:1105)         uk.ac.manchester.cs.owl.owlapi.OWLOntologyManagerImpl.loadOntology(OWLOntologyManagerImpl.java:1055)"
approximated_kb-owl-syntax-coreference-IDs-cardinalities-triggers-constant-classes-value-nominals.ofn,MIS_128,parse,FAIL,Identifier,"Problem parsing inputstream:ontology15931275138658 Could not parse ontology.  Either a suitable parser could not be found, or parsing failed.  See parser logs below for explanation. The following parsers were tried: 1) it.poliba.sisinflab.protocowl.ProtocOWLParser@4dc04d82   Detailed logs: -------------------------------------------------------------------------------- Parser: it.poliba.sisinflab.protocowl.ProtocOWLParser@4dc04d82     Stack trace: Identifier index out of bounds: 38        it.poliba.sisinflab.protocowl.Parser.getIdentifier(Parser.java:675)         it.poliba.sisinflab.protocowl.Parser.parseObjectPropertyExpression(Parser.java:586)         it.poliba.sisinflab.protocowl.Parser.parseClassExpression(Parser.java:535)         it.poliba.sisinflab.protocowl.Parser.parseClassAssertion(Parser.java:462)         it.poliba.sisinflab.protocowl.Parser.parseFrame(Parser.java:182)         it.poliba.sisinflab.protocowl.Parser.parse(Parser.java:45)         it.poliba.sisinflab.protocowl.ProtocOWLParser.parse(ProtocOWLParser.java:37)         uk.ac.manchester.cs.owl.owlapi.OWLOntologyFactoryImpl.loadOWLOntology(OWLOntologyFactoryImpl.java:195)         uk.ac.manchester.cs.owl.owlapi.OWLOntologyManagerImpl.load(OWLOntologyManagerImpl.java:1105)         uk.ac.manchester.cs.owl.owlapi.OWLOntologyManagerImpl.loadOntology(OWLOntologyManagerImpl.java:1055)"
approximated_kb-owl-syntax-coreference-IDs-cardinalities-triggers-constant-classes-value-nominals.ofn,functional,render,OK,,
approximated_kb-owl-syntax-coreference-IDs-cardinalities-triggers-constant-classes-value-nominals.ofn,std,parse,FAIL,Identifier,"Problem parsing inputstream:ontology15931275138657 Could not parse ontology.  Either a suitable parser could not be found, or parsing failed.  See parser logs below for explanation. The following parsers were tried: 1) it.poliba.sisinflab.protocowl.ProtocOWLParser@79a1d22e   Detailed logs: -------------------------------------------------------------------------------- Parser: it.poliba.sisinflab.protocowl.ProtocOWLParser@79a1d22e     Stack trace: Identifier index out of bounds: 38        it.poliba.sisinflab.protocowl.Parser.getIdentifier(Parser.java:675)         it.poliba.sisinflab.protocowl.Parser.parseObjectPropertyExpression(Parser.java:586)         it.poliba.sisinflab.protocowl.Parser.parseClassExpression(Parser.java:535)         it.poliba.sisinflab.protocowl.Parser.parseClassAssertion(Parser.java:462)         it.poliba.sisinflab.protocowl.Parser.parseFrame(Parser.java:182)         it.poliba.sisinflab.protocowl.Parser.parse(Parser.java:45)         it.poliba.sisinflab.protocowl.ProtocOWLParser.parse(ProtocOWLParser.java:37)         uk.ac.manchester.cs.owl.owlapi.OWLOntologyFactoryImpl.loadOWLOntology(OWLOntologyFactoryImpl.java:195)         uk.ac.manchester.cs.owl.owlapi.OWLOntologyManagerImpl.load(OWLOntologyManagerImpl.java:1105)         uk.ac.manchester.cs.owl.owlapi.OWLOntologyManagerImpl.loadOntology(OWLOntologyManagerImpl.java:1055)"
approximated_kb-owl-syntax-unraveled-depth-1-cardinalities-disjointness-triggers-constant-classes-value-nominals.ofn,MIS_128,parse,FAIL,Identifier,"Problem parsing inputstream:ontology15931275138661 Could not parse ontology.  Either a suitable parser could not be found, or parsing failed.  See parser logs below for explanation. The following parsers were tried: 1) it.poliba.sisinflab.protocowl.ProtocOWLParser@203f8418   Detailed logs: -------------------------------------------------------------------------------- Parser: it.poliba.sisinflab.protocowl.ProtocOWLParser@203f8418     Stack trace: Identifier index out of bounds: 38        it.poliba.sisinflab.protocowl.Parser.getIdentifier(Parser.java:675)         it.poliba.sisinflab.protocowl.Parser.parseObjectPropertyExpression(Parser.java:586)         it.poliba.sisinflab.protocowl.Parser.parseClassExpression(Parser.java:535)         it.poliba.sisinflab.protocowl.Parser.parseClassAssertion(Parser.java:462)         it.poliba.sisinflab.protocowl.Parser.parseFrame(Parser.java:182)         it.poliba.sisinflab.protocowl.Parser.parse(Parser.java:45)         it.poliba.sisinflab.protocowl.ProtocOWLParser.parse(ProtocOWLParser.java:37)         uk.ac.manchester.cs.owl.owlapi.OWLOntologyFactoryImpl.loadOWLOntology(OWLOntologyFactoryImpl.java:195)         uk.ac.manchester.cs.owl.owlapi.OWLOntologyManagerImpl.load(OWLOntologyManagerImpl.java:1105)         uk.ac.manchester.cs.owl.owlapi.OWLOntologyManagerImpl.loadOntology(OWLOntologyManagerImpl.java:1055)"
approximated_kb-owl-syntax-unraveled-depth-1-cardinalities-disjointness-triggers-constant-classes-value-nominals.ofn,functional,render,OK,,
approximated_kb-owl-syntax-unraveled-depth-1-cardinalities-disjointness-triggers-constant-classes-value-nominals.ofn,std,parse,FAIL,Identifier,"Problem parsing inputstream:ontology15931275138660 Could not parse ontology.  Either a suitable parser could not be found, or parsing failed.  See parser logs below for explanation. The following parsers were tried: 1) it.poliba.sisinflab.protocowl.ProtocOWLParser@287c8e9f   Detailed logs: -------------------------------------------------------------------------------- Parser: it.poliba.sisinflab.protocowl.ProtocOWLParser@287c8e9f     Stack trace: Identifier index out of bounds: 38        it.poliba.sisinflab.protocowl.Parser.getIdentifier(Parser.java:675)         it.poliba.sisinflab.protocowl.Parser.parseObjectPropertyExpression(Parser.java:586)         it.poliba.sisinflab.protocowl.Parser.parseClassExpression(Parser.java:535)         it.poliba.sisinflab.protocowl.Parser.parseClassAssertion(Parser.java:462)         it.poliba.sisinflab.protocowl.Parser.parseFrame(Parser.java:182)         it.poliba.sisinflab.protocowl.Parser.parse(Parser.java:45)         it.poliba.sisinflab.protocowl.ProtocOWLParser.parse(ProtocOWLParser.java:37)         uk.ac.manchester.cs.owl.owlapi.OWLOntologyFactoryImpl.loadOWLOntology(OWLOntologyFactoryImpl.java:195)         uk.ac.manchester.cs.owl.owlapi.OWLOntologyManagerImpl.load(OWLOntologyManagerImpl.java:1105)         uk.ac.manchester.cs.owl.owlapi.OWLOntologyManagerImpl.loadOntology(OWLOntologyManagerImpl.java:1055)"
approximated_kb-owl-syntax-unraveled-depth-3-constant-classes-value-nominals.ofn,MIS_128,parse,FAIL,Identifier,"Problem parsing inputstream:ontology15931275138664 Could not parse ontology.  Either a suitable parser could not be found, or parsing failed.  See parser logs below for explanation. The following parsers were tried: 1) it.poliba.sisinflab.protocowl.ProtocOWLParser@4b7810df   Detailed logs: -------------------------------------------------------------------------------- Parser: it.poliba.sisinflab.protocowl.ProtocOWLParser@4b7810df     Stack trace: Identifier index out of bounds: 38        it.poliba.sisinflab.protocowl.Parser.getIdentifier(Parser.java:675)         it.poliba.sisinflab.protocowl.Parser.parseObjectPropertyExpression(Parser.java:586)         it.poliba.sisinflab.protocowl.Parser.parseClassExpression(Parser.java:535)         it.poliba.sisinflab.protocowl.Parser.parseClassAssertion(Parser.java:462)         it.poliba.sisinflab.protocowl.Parser.parseFrame(Parser.java:182)         it.poliba.sisinflab.protocowl.Parser.parse(Parser.java:45)         it.poliba.sisinflab.protocowl.ProtocOWLParser.parse(ProtocOWLParser.java:37)         uk.ac.manchester.cs.owl.owlapi.OWLOntologyFactoryImpl.loadOWLOntology(OWLOntologyFactoryImpl.java:195)         uk.ac.manchester.cs.owl.owlapi.OWLOntologyManagerImpl.load(OWLOntologyManagerImpl.java:1105)         uk.ac.manchester.cs.owl.owlapi.OWLOntologyManagerImpl.loadOntology(OWLOntologyManagerImpl.java:1055)"
approximated_kb-owl-syntax-unraveled-depth-3-constant-classes-value-nominals.ofn,functional,render,OK,,
approximated_kb-owl-syntax-unraveled-depth-3-constant-classes-value-nominals.ofn,std,parse,FAIL,Identifier,"Problem parsing inputstream:ontology15931275138663 Could not parse ontology.  Either a suitable parser could not be found, or parsing failed.  See parser logs below for explanation. The following parsers were tried: 1) it.poliba.sisinflab.protocowl.ProtocOWLParser@41792f4d   Detailed logs: -------------------------------------------------------------------------------- Parser: it.poliba.sisinflab.protocowl.ProtocOWLParser@41792f4d     Stack trace: Identifier index out of bounds: 38        it.poliba.sisinflab.protocowl.Parser.getIdentifier(Parser.java:675)         it.poliba.sisinflab.protocowl.Parser.parseObjectPropertyExpression(Parser.java:586)         it.poliba.sisinflab.protocowl.Parser.parseClassExpression(Parser.java:535)         it.poliba.sisinflab.protocowl.Parser.parseClassAssertion(Parser.java:462)         it.poliba.sisinflab.protocowl.Parser.parseFrame(Parser.java:182)         it.poliba.sisinflab.protocowl.Parser.parse(Parser.java:45)         it.poliba.sisinflab.protocowl.ProtocOWLParser.parse(ProtocOWLParser.java:37)         uk.ac.manchester.cs.owl.owlapi.OWLOntologyFactoryImpl.loadOWLOntology(OWLOntologyFactoryImpl.java:195)         uk.ac.manchester.cs.owl.owlapi.OWLOntologyManagerImpl.load(OWLOntologyManagerImpl.java:1105)         uk.ac.manchester.cs.owl.owlapi.OWLOntologyManagerImpl.loadOntology(OWLOntologyManagerImpl.java:1055)"
approximated_kb-owl-syntax-unraveled-depth-3-km-relevant-cardinalities-triggers-constant-classes-value-nominals.ofn,MIS_128,parse,FAIL,Identifier,"Problem parsing inputstream:ontology15931275138667 Could not parse ontology.  Either a suitable parser could not be found, or parsing failed.  See parser logs below for explanation. The following parsers were tried: 1) it.poliba.sisinflab.protocowl.ProtocOWLParser@4d709efc   Detailed logs: -------------------------------------------------------------------------------- Parser: it.poliba.sisinflab.protocowl.ProtocOWLParser@4d709efc     Stack trace: Identifier index out of bounds: 38        it.poliba.sisinflab.protocowl.Parser.getIdentifier(Parser.java:675)         it.poliba.sisinflab.protocowl.Parser.parseObjectPropertyExpression(Parser.java:586)         it.poliba.sisinflab.protocowl.Parser.parseClassExpression(Parser.java:535)         it.poliba.sisinflab.protocowl.Parser.parseClassAssertion(Parser.java:462)         it.poliba.sisinflab.protocowl.Parser.parseFrame(Parser.java:182)         it.poliba.sisinflab.protocowl.Parser.parse(Parser.java:45)         it.poliba.sisinflab.protocowl.ProtocOWLParser.parse(ProtocOWLParser.java:37)         uk.ac.manchester.cs.owl.owlapi.OWLOntologyFactoryImpl.loadOWLOntology(OWLOntologyFactoryImpl.java:195)         uk.ac.manchester.cs.owl.owlapi.OWLOntologyManagerImpl.load(OWLOntologyManagerImpl.java:1105)         uk.ac.manchester.cs.owl.owlapi.OWLOntologyManagerImpl.loadOntology(OWLOntologyManagerImpl.java:1055)"
approximated_kb-owl-syntax-unraveled-depth-3-km-relevant-cardinalities-triggers-constant-classes-value-nominals.ofn,functional,render,OK,,
approximated_kb-owl-syntax-unraveled-depth-3-km-relevant-cardinalities-triggers-constant-classes-value-nominals.ofn,std,parse,FAIL,Identifier,"Problem parsing inputstream:ontology15931275138666 Could not parse ontology.  Either a suitable parser could not be found, or parsing failed.  See parser logs below for explanation. The following parsers were tried: 1) it.poliba.sisinflab.protocowl.ProtocOWLParser@69d92290   Detailed logs: -------------------------------------------------------------------------------- Parser: it.poliba.sisinflab.protocowl.ProtocOWLParser@69d92290     Stack trace: Identifier index out of bounds: 38        it.poliba.sisinflab.protocowl.Parser.getIdentifier(Parser.java:675)         it.poliba.sisinflab.protocowl.Parser.parseObjectPropertyExpression(Parser.java:586)         it.poliba.sisinflab.protocowl.Parser.parseClassExpression(Parser.java:535)         it.poliba.sisinflab.protocowl.Parser.parseClassAssertion(Parser.java:462)         it.poliba.sisinflab.protocowl.Parser.parseFrame(Parser.java:182)         it.poliba.sisinflab.protocowl.Parser.parse(Parser.java:45)         it.poliba.sisinflab.protocowl.ProtocOWLParser.parse(ProtocOWLParser.java:37)         uk.ac.manchester.cs.owl.owlapi.OWLOntologyFactoryImpl.loadOWLOntology(OWLOntologyFactoryImpl.java:195)         uk.ac.manchester.cs.owl.owlapi.OWLOntologyManagerImpl.load(OWLOntologyManagerImpl.java:1105)         uk.ac.manchester.cs.owl.owlapi.OWLOntologyManagerImpl.loadOntology(OWLOntologyManagerImpl.java:1055)"
b7c19a22-c91c-4b51-894a-d8a8a3d2a7c0_cl.obo,MIS_128,parse,FAIL,Identifier,"Problem parsing inputstream:ontology15931275138670 Could not parse ontology.  Either a suitable parser could not be found, or parsing failed.  See parser logs below for explanation. The following parsers were tried: 1) it.poliba.sisinflab.protocowl.ProtocOWLParser@5e2bf48   Detailed logs: -------------------------------------------------------------------------------- Parser: it.poliba.sisinflab.protocowl.ProtocOWLParser@5e2bf48     Stack trace: Identifier index out of bounds: 111        it.poliba.sisinflab.protocowl.Parser.getIdentifier(Parser.java:675)         it.poliba.sisinflab.protocowl.Parser.parseIndividual(Parser.java:605)         it.poliba.sisinflab.protocowl.Parser.parseClassExpression(Parser.java:528)         it.poliba.sisinflab.protocowl.Parser.parseClassAssertion(Parser.java:462)         it.poliba.sisinflab.protocowl.Parser.parseFrame(Parser.java:182)         it.poliba.sisinflab.protocowl.Parser.parse(Parser.java:45)         it.poliba.sisinflab.protocowl.ProtocOWLParser.parse(ProtocOWLParser.java:37)         uk.ac.manchester.cs.owl.owlapi.OWLOntologyFactoryImpl.loadOWLOntology(OWLOntologyFactoryImpl.java:195)         uk.ac.manchester.cs.owl.owlapi.OWLOntologyManagerImpl.load(OWLOntologyManagerImpl.java:1105)         uk.ac.manchester.cs.owl.owlapi.OWLOntologyManagerImpl.loadOntology(OWLOntologyManagerImpl.java:1055)"
b7c19a22-c91c-4b51-894a-d8a8a3d2a7c0_cl.obo,functional,render,OK,,
b7c19a22-c91c-4b51-894a-d8a8a3d2a7c0_cl.obo,std,parse,FAIL,Identifier,"Problem parsing inputstream:ontology15931275138669 Could not parse ontology.  Either a suitable parser could not be found, or parsing failed.  See parser logs below for explanation. The following parsers were tried: 1) it.poliba.sisinflab.protocowl.ProtocOWLParser@662a61bb   Detailed logs: -------------------------------------------------------------------------------- Parser: it.poliba.sisinflab.protocowl.ProtocOWLParser@662a61bb     Stack trace: Identifier index out of bounds: 111        it.poliba.sisinflab.protocowl.Parser.getIdentifier(Parser.java:675)         it.poliba.sisinflab.protocowl.Parser.parseIndividual(Parser.java:605)         it.poliba.sisinflab.protocowl.Parser.parseClassExpression(Parser.java:528)         it.poliba.sisinflab.protocowl.Parser.parseClassAssertion(Parser.java:462)         it.poliba.sisinflab.protocowl.Parser.parseFrame(Parser.java:182)         it.poliba.sisinflab.protocowl.Parser.parse(Parser.java:45)         it.poliba.sisinflab.protocowl.ProtocOWLParser.parse(ProtocOWLParser.java:37)         uk.ac.manchester.cs.owl.owlapi.OWLOntologyFactoryImpl.loadOWLOntology(OWLOntologyFactoryImpl.java:195)         uk.ac.manchester.cs.owl.owlapi.OWLOntologyManagerImpl.load(OWLOntologyManagerImpl.java:1105)         uk.ac.manchester.cs.owl.owlapi.OWLOntologyManagerImpl.loadOntology(OWLOntologyManagerImpl.java:1055)"
c0ca4e3f-ff6b-4eac-882c-183788832e5f_citygml.owl,MIS_128,parse,FAIL,ClassExpression,"Problem parsing inputstream:ontology15931275138673 Could not parse ontology.  Either a suitable parser could not be found, or parsing failed.  See parser logs below for explanation. The following parsers were tried: 1) it.poliba.sisinflab.protocowl.ProtocOWLParser@414b87e0   Detailed logs: -------------------------------------------------------------------------------- Parser: it.poliba.sisinflab.protocowl.ProtocOWLParser@414b87e0     Stack trace: Unsupported ClassExpression type: 14        it.poliba.sisinflab.protocowl.Parser.parseClassExpression(Parser.java:576)         it.poliba.sisinflab.protocowl.Parser.parseClassAssertion(Parser.java:462)         it.poliba.sisinflab.protocowl.Parser.parseFrame(Parser.java:182)         it.poliba.sisinflab.protocowl.Parser.parse(Parser.java:45)         it.poliba.sisinflab.protocowl.ProtocOWLParser.parse(ProtocOWLParser.java:37)         uk.ac.manchester.cs.owl.owlapi.OWLOntologyFactoryImpl.loadOWLOntology(OWLOntologyFactoryImpl.java:195)         uk.ac.manchester.cs.owl.owlapi.OWLOntologyManagerImpl.load(OWLOntologyManagerImpl.java:1105)         uk.ac.manchester.cs.owl.owlapi.OWLOntologyManagerImpl.loadOntology(OWLOntologyManagerImpl.java:1055)         uk.ac.manchester.cs.owl.owlapi.OWLOntologyManagerImpl.loadOntologyFromOntologyDocument(OWLOntologyManagerImpl.java:1005)         uk.ac.manchester.cs.owl.owlapi.OWLOntologyManagerImpl.loadOntologyFromOntologyDocument(OWLOntologyManagerImpl.java:1025)"
c0ca4e3f-ff6b-4eac-882c-183788832e5f_citygml.owl,functional,render,OK,,
c0ca4e3f-ff6b-4eac-882c-183788832e5f_citygml.owl,std,parse,FAIL,ClassExpression,"Problem parsing inputstream:ontology15931275138672 Could not parse ontology.  Either a suitable parser could not be found, or parsing failed.  See parser logs below for explanation. The following parsers were tried: 1) it.poliba.sisinflab.protocowl.ProtocOWLParser@22c6f737   Detailed logs: -------------------------------------------------------------------------------- Parser: it.poliba.sisinflab.protocowl.ProtocOWLParser@22c6f737     Stack trace: Unsupported ClassExpression type: 14        it.poliba.sisinflab.protocowl.Parser.parseClassExpression(Parser.java:576)         it.poliba.sisinflab.protocowl.Parser.parseClassAssertion(Parser.java:462)         it.poliba.sisinflab.protocowl.Parser.parseFrame(Parser.java:182)         it.poliba.sisinflab.protocowl.Parser.parse(Parser.java:45)         it.poliba.sisinflab.protocowl.ProtocOWLParser.parse(ProtocOWLParser.java:37)         uk.ac.manchester.cs.owl.owlapi.OWLOntologyFactoryImpl.loadOWLOntology(OWLOntologyFactoryImpl.java:195)         uk.ac.manchester.cs.owl.owlapi.OWLOntologyManagerImpl.load(OWLOntologyManagerImpl.java:1105)         uk.ac.manchester.cs.owl.owlapi.OWLOntologyManagerImpl.loadOntology(OWLOntologyManagerImpl.java:1055)         uk.ac.manchester.cs.owl.owlapi.OWLOntologyManagerImpl.loadOntologyFromOntologyDocument(OWLOntologyManagerImpl.java:1005)         uk.ac.manchester.cs.owl.owlapi.OWLOntologyManagerImpl.loadOntologyFromOntologyDocument(OWLOntologyManagerImpl.java:1025)"
c2abef0f-3619-4589-860a-22821e5142ac_ntology_xp.obo,MIS_128,parse,FAIL,Identifier,"Problem parsing inputstream:ontology15931275138676 Could not parse ontology.  Either a suitable parser could not be found, or parsing failed.  See parser logs below for explanation. The following parsers were tried: 1) it.poliba.sisinflab.protocowl.ProtocOWLParser@117bfda9   Detailed logs: -------------------------------------------------------------------------------- Parser: it.poliba.sisinflab.protocowl.ProtocOWLParser@117bfda9     Stack trace: Identifier index out of bounds: 15        it.poliba.sisinflab.protocowl.Parser.getIdentifier(Parser.java:675)         it.poliba.sisinflab.protocowl.Parser.parseObjectPropertyExpression(Parser.java:586)         it.poliba.sisinflab.protocowl.Parser.parseClassExpression(Parser.java:531)         it.poliba.sisinflab.protocowl.Parser.parseClassAssertion(Parser.java:462)         it.poliba.sisinflab.protocowl.Parser.parseFrame(Parser.java:182)         it.poliba.sisinflab.protocowl.Parser.parse(Parser.java:45)         it.poliba.sisinflab.protocowl.ProtocOWLParser.parse(ProtocOWLParser.java:37)         uk.ac.manchester.cs.owl.owlapi.OWLOntologyFactoryImpl.loadOWLOntology(OWLOntologyFactoryImpl.java:195)         uk.ac.manchester.cs.owl.owlapi.OWLOntologyManagerImpl.load(OWLOntologyManagerImpl.java:1105)         uk.ac.manchester.cs.owl.owlapi.OWLOntologyManagerImpl.loadOntology(OWLOntologyManagerImpl.java:1055)"
c2abef0f-3619-4589-860a-22821e5142ac_ntology_xp.obo,functional,render,OK,,
c2abef0f-3619-4589-860a-22821e5142ac_ntology_xp.obo,std,parse,FAIL,Identifier,"Problem parsing inputstream:ontology15931275138675 Could not parse ontology.  Either a suitable parser could not be found, or parsing failed.  See parser logs below for explanation. The following parsers were tried: 1) it.poliba.sisinflab.protocowl.ProtocOWLParser@7436251d   Detailed logs: -------------------------------------------------------------------------------- Parser: it.poliba.sisinflab.protocowl.ProtocOWLParser@7436251d     Stack trace: Identifier index out of bounds: 15        it.poliba.sisinflab.protocowl.Parser.getIdentifier(Parser.java:675)         it.poliba.sisinflab.protocowl.Parser.parseObjectPropertyExpression(Parser.java:586)         it.poliba.sisinflab.protocowl.Parser.parseClassExpression(Parser.java:531)         it.poliba.sisinflab.protocowl.Parser.parseClassAssertion(Parser.java:462)         it.poliba.sisinflab.protocowl.Parser.parseFrame(Parser.java:182)         it.poliba.sisinflab.protocowl.Parser.parse(Parser.java:45)         it.poliba.sisinflab.protocowl.ProtocOWLParser.parse(ProtocOWLParser.java:37)         uk.ac.manchester.cs.owl.owlapi.OWLOntologyFactoryImpl.loadOWLOntology(OWLOntologyFactoryImpl.java:195)         uk.ac.manchester.cs.owl.owlapi.OWLOntologyManagerImpl.load(OWLOntologyManagerImpl.java:1105)         uk.ac.manchester.cs.owl.owlapi.OWLOntologyManagerImpl.loadOntology(OWLOntologyManagerImpl.java:1055)"
c343f7b1-c70e-4dbd-bef7-0d3b9aaf6fd7_prsimple.owl,MIS_128,parse,FAIL,Identifier,"Problem parsing inputstream:ontology15931275138679 Could not parse ontology.  Either a suitable parser could not be found, or parsing failed.  See parser logs below for explanation. The following parsers were tried: 1) it.poliba.sisinflab.protocowl.ProtocOWLParser@6b8d8761   Detailed logs: -------------------------------------------------------------------------------- Parser: it.poliba.sisinflab.protocowl.ProtocOWLParser@6b8d8761     Stack trace: Identifier index out of bounds: 111        it.poliba.sisinflab.protocowl.Parser.getIdentifier(Parser.java:675)         it.poliba.sisinflab.protocowl.Parser.parseIndividual(Parser.java:605)         it.poliba.sisinflab.protocowl.Parser.parseClassExpression(Parser.java:528)         it.poliba.sisinflab.protocowl.Parser.parseClassAssertion(Parser.java:462)         it.poliba.sisinflab.protocowl.Parser.parseFrame(Parser.java:182)         it.poliba.sisinflab.protocowl.Parser.parse(Parser.java:45)         it.poliba.sisinflab.protocowl.ProtocOWLParser.parse(ProtocOWLParser.java:37)         uk.ac.manchester.cs.owl.owlapi.OWLOntologyFactoryImpl.loadOWLOntology(OWLOntologyFactoryImpl.java:195)         uk.ac.manchester.cs.owl.owlapi.OWLOntologyManagerImpl.load(OWLOntologyManagerImpl.java:1105)         uk.ac.manchester.cs.owl.owlapi.OWLOntologyManagerImpl.loadOntology(OWLOntologyManagerImpl.java:1055)"
c343f7b1-c70e-4dbd-bef7-0d3b9aaf6fd7_prsimple.owl,functional,render,OK,,
c343f7b1-c70e-4dbd-bef7-0d3b9aaf6fd7_prsimple.owl,std,parse,FAIL,Identifier,"Problem parsing inputstream:ontology15931275138678 Could not parse ontology.  Either a suitable parser could not be found, or parsing failed.  See parser logs below for explanation. The following parsers were tried: 1) it.poliba.sisinflab.protocowl.ProtocOWLParser@447a38a9   Detailed logs: -------------------------------------------------------------------------------- Parser: it.poliba.sisinflab.protocowl.ProtocOWLParser@447a38a9     Stack trace: Identifier index out of bounds: 111        it.poliba.sisinflab.protocowl.Parser.getIdentifier(Parser.java:675)         it.poliba.sisinflab.protocowl.Parser.parseIndividual(Parser.java:605)         it.poliba.sisinflab.protocowl.Parser.parseClassExpression(Parser.java:528)         it.poliba.sisinflab.protocowl.Parser.parseClassAssertion(Parser.java:462)         it.poliba.sisinflab.protocowl.Parser.parseFrame(Parser.java:182)         it.poliba.sisinflab.protocowl.Parser.parse(Parser.java:45)         it.poliba.sisinflab.protocowl.ProtocOWLParser.parse(ProtocOWLParser.java:37)         uk.ac.manchester.cs.owl.owlapi.OWLOntologyFactoryImpl.loadOWLOntology(OWLOntologyFactoryImpl.java:195)         uk.ac.manchester.cs.owl.owlapi.OWLOntologyManagerImpl.load(OWLOntologyManagerImpl.java:1105)         uk.ac.manchester.cs.owl.owlapi.OWLOntologyManagerImpl.loadOntology(OWLOntologyManagerImpl.java:1055)"
c93db046-8fc7-4bfc-8abe-c4ccd5090272_tivitydemo.owl,MIS_128,parse,FAIL,ClassExpression,"Problem parsing inputstream:ontology15931275138682 Could not parse ontology.  Either a suitable parser could not be found, or parsing failed.  See parser logs below for explanation. The following parsers were tried: 1) it.poliba.sisinflab.protocowl.ProtocOWLParser@12a93110   Detailed logs: -------------------------------------------------------------------------------- Parser: it.poliba.sisinflab.protocowl.ProtocOWLParser@12a93110     Stack trace: Unsupported ClassExpression type: 16        it.poliba.sisinflab.protocowl.Parser.parseClassExpression(Parser.java:576)         it.poliba.sisinflab.protocowl.Parser.parseClassExpression(Parser.java:523)         it.poliba.sisinflab.protocowl.Parser.parseClassAssertion(Parser.java:462)         it.poliba.sisinflab.protocowl.Parser.parseFrame(Parser.java:182)         it.poliba.sisinflab.protocowl.Parser.parse(Parser.java:45)         it.poliba.sisinflab.protocowl.ProtocOWLParser.parse(ProtocOWLParser.java:37)         uk.ac.manchester.cs.owl.owlapi.OWLOntologyFactoryImpl.loadOWLOntology(OWLOntologyFactoryImpl.java:195)         uk.ac.manchester.cs.owl.owlapi.OWLOntologyManagerImpl.load(OWLOntologyManagerImpl.java:1105)         uk.ac.manchester.cs.owl.owlapi.OWLOntologyManagerImpl.loadOntology(OWLOntologyManagerImpl.java:1055)         uk.ac.manchester.cs.owl.owlapi.OWLOntologyManagerImpl.loadOntologyFromOntologyDocument(OWLOntologyManagerImpl.java:1005)"
c93db046-8fc7-4bfc-8abe-c4ccd5090272_tivitydemo.owl,functional,render,OK,,
c93db046-8fc7-4bfc-8abe-c4ccd5090272_tivitydemo.owl,std,parse,FAIL,ClassExpression,"Problem parsing inputstream:ontology15931275138681 Could not parse ontology.  Either a suitable parser could not be found, or parsing failed.  See parser logs below for explanation. The following parsers were tried: 1) it.poliba.sisinflab.protocowl.ProtocOWLParser@c9451a8   Detailed logs: -------------------------------------------------------------------------------- Parser: it.poliba.sisinflab.protocowl.ProtocOWLParser@c9451a8     Stack trace: Unsupported ClassExpression type: 16        it.poliba.sisinflab.protocowl.Parser.parseClassExpression(Parser.java:576)         it.poliba.sisinflab.protocowl.Parser.parseClassExpression(Parser.java:523)         it.poliba.sisinflab.protocowl.Parser.parseClassAssertion(Parser.java:462)         it.poliba.sisinflab.protocowl.Parser.parseFrame(Parser.java:182)         it.poliba.sisinflab.protocowl.Parser.parse(Parser.java:45)         it.poliba.sisinflab.protocowl.ProtocOWLParser.parse(ProtocOWLParser.java:37)         uk.ac.manchester.cs.owl.owlapi.OWLOntologyFactoryImpl.loadOWLOntology(OWLOntologyFactoryImpl.java:195)         uk.ac.manchester.cs.owl.owlapi.OWLOntologyManagerImpl.load(OWLOntologyManagerImpl.java:1105)         uk.ac.manchester.cs.owl.owlapi.OWLOntologyManagerImpl.loadOntology(OWLOntologyManagerImpl.java:1055)         uk.ac.manchester.cs.owl.owlapi.OWLOntologyManagerImpl.loadOntologyFromOntologyDocument(OWLOntologyManagerImpl.java:1005)"
c9422304-a4fb-40e4-9d0f-81bdea1cd50b_l.obo.PREVIOUS,MIS_128,parse,FAIL,Identifier,"Problem parsing inputstream:ontology15931275138685 Could not parse ontology.  Either a suitable parser could not be found, or parsing failed.  See parser logs below for explanation. The following parsers were tried: 1) it.poliba.sisinflab.protocowl.ProtocOWLParser@587dd453   Detailed logs: -------------------------------------------------------------------------------- Parser: it.poliba.sisinflab.protocowl.ProtocOWLParser@587dd453     Stack trace: Identifier index out of bounds: 15        it.poliba.sisinflab.protocowl.Parser.getIdentifier(Parser.java:675)         it.poliba.sisinflab.protocowl.Parser.parseObjectPropertyExpression(Parser.java:586)         it.poliba.sisinflab.protocowl.Parser.parseClassExpression(Parser.java:535)         it.poliba.sisinflab.protocowl.Parser.parseClassAssertion(Parser.java:462)         it.poliba.sisinflab.protocowl.Parser.parseFrame(Parser.java:182)         it.poliba.sisinflab.protocowl.Parser.parse(Parser.java:45)         it.poliba.sisinflab.protocowl.ProtocOWLParser.parse(ProtocOWLParser.java:37)         uk.ac.manchester.cs.owl.owlapi.OWLOntologyFactoryImpl.loadOWLOntology(OWLOntologyFactoryImpl.java:195)         uk.ac.manchester.cs.owl.owlapi.OWLOntologyManagerImpl.load(OWLOntologyManagerImpl.java:1105)         uk.ac.manchester.cs.owl.owlapi.OWLOntologyManagerImpl.loadOntology(OWLOntologyManagerImpl.java:1055)"
c9422304-a4fb-40e4-9d0f-81bdea1cd50b_l.obo.PREVIOUS,functional,render,OK,,
c9422304-a4fb-40e4-9d0f-81bdea1cd50b_l.obo.PREVIOUS,std,parse,FAIL,Identifier,"Problem parsing inputstream:ontology15931275138684 Could not parse ontology.  Either a suitable parser could not be found, or parsing failed.  See parser logs below for explanation. The following parsers were tried: 1) it.poliba.sisinflab.protocowl.ProtocOWLParser@32d1a2d3   Detailed logs: -------------------------------------------------------------------------------- Parser: it.poliba.sisinflab.protocowl.ProtocOWLParser@32d1a2d3     Stack trace: Identifier index out of bounds: 15        it.poliba.sisinflab.protocowl.Parser.getIdentifier(Parser.java:675)         it.poliba.sisinflab.protocowl.Parser.parseObjectPropertyExpression(Parser.java:586)         it.poliba.sisinflab.protocowl.Parser.parseClassExpression(Parser.java:535)         it.poliba.sisinflab.protocowl.Parser.parseClassAssertion(Parser.java:462)         it.poliba.sisinflab.protocowl.Parser.parseFrame(Parser.java:182)         it.poliba.sisinflab.protocowl.Parser.parse(Parser.java:45)         it.poliba.sisinflab.protocowl.ProtocOWLParser.parse(ProtocOWLParser.java:37)         uk.ac.manchester.cs.owl.owlapi.OWLOntologyFactoryImpl.loadOWLOntology(OWLOntologyFactoryImpl.java:195)         uk.ac.manchester.cs.owl.owlapi.OWLOntologyManagerImpl.load(OWLOntologyManagerImpl.java:1105)         uk.ac.manchester.cs.owl.owlapi.OWLOntologyManagerImpl.loadOntology(OWLOntologyManagerImpl.java:1055)"
csso.clinical-signs-and-symptoms-ontology.4.owl.xml,MIS_128,parse,FAIL,Identifier,"Problem parsing inputstream:ontology15931275138688 Could not parse ontology.  Either a suitable parser could not be found, or parsing failed.  See parser logs below for explanation. The following parsers were tried: 1) it.poliba.sisinflab.protocowl.ProtocOWLParser@4541d9fc   Detailed logs: -------------------------------------------------------------------------------- Parser: it.poliba.sisinflab.protocowl.ProtocOWLParser@4541d9fc     Stack trace: Identifier index out of bounds: 111        it.poliba.sisinflab.protocowl.Parser.getIdentifier(Parser.java:675)         it.poliba.sisinflab.protocowl.Parser.parseIndividual(Parser.java:605)         it.poliba.sisinflab.protocowl.Parser.parseClassExpression(Parser.java:528)         it.poliba.sisinflab.protocowl.Parser.parseClassAssertion(Parser.java:462)         it.poliba.sisinflab.protocowl.Parser.parseFrame(Parser.java:182)         it.poliba.sisinflab.protocowl.Parser.parse(Parser.java:45)         it.poliba.sisinflab.protocowl.ProtocOWLParser.parse(ProtocOWLParser.java:37)         uk.ac.manchester.cs.owl.owlapi.OWLOntologyFactoryImpl.loadOWLOntology(OWLOntologyFactoryImpl.java:195)         uk.ac.manchester.cs.owl.owlapi.OWLOntologyManagerImpl.load(OWLOntologyManagerImpl.java:1105)         uk.ac.manchester.cs.owl.owlapi.OWLOntologyManagerImpl.loadOntology(OWLOntologyManagerImpl.java:1055)"
csso.clinical-signs-and-symptoms-ontology.4.owl.xml,functional,render,OK,,
csso.clinical-signs-and-symptoms-ontology.4.owl.xml,std,parse,FAIL,Identifier,"Problem parsing inputstream:ontology15931275138687 Could not parse ontology.  Either a suitable parser could not be found, or parsing failed.  See parser logs below for explanation. The following parsers were tried: 1) it.poliba.sisinflab.protocowl.ProtocOWLParser@5392d2a3   Detailed logs: -------------------------------------------------------------------------------- Parser: it.poliba.sisinflab.protocowl.ProtocOWLParser@5392d2a3     Stack trace: Identifier index out of bounds: 111        it.poliba.sisinflab.protocowl.Parser.getIdentifier(Parser.java:675)         it.poliba.sisinflab.protocowl.Parser.parseIndividual(Parser.java:605)         it.poliba.sisinflab.protocowl.Parser.parseClassExpression(Parser.java:528)         it.poliba.sisinflab.protocowl.Parser.parseClassAssertion(Parser.java:462)         it.poliba.sisinflab.protocowl.Parser.parseFrame(Parser.java:182)         it.poliba.sisinflab.protocowl.Parser.parse(Parser.java:45)         it.poliba.sisinflab.protocowl.ProtocOWLParser.parse(ProtocOWLParser.java:37)         uk.ac.manchester.cs.owl.owlapi.OWLOntologyFactoryImpl.loadOWLOntology(OWLOntologyFactoryImpl.java:195)         uk.ac.manchester.cs.owl.owlapi.OWLOntologyManagerImpl.load(OWLOntologyManagerImpl.java:1105)         uk.ac.manchester.cs.owl.owlapi.OWLOntologyManagerImpl.loadOntology(OWLOntologyManagerImpl.java:1055)"
d072d130-da53-40a3-a616-59642617ccc3_M4L.owl,MIS_128,parse,FAIL,Identifier,"Problem parsing inputstream:ontology15931275138691 Could not parse ontology.  Either a suitable parser could not be found, or parsing failed.  See parser logs below for explanation. The following parsers were tried: 1) it.poliba.sisinflab.protocowl.ProtocOWLParser@5dda037d   Detailed logs: -------------------------------------------------------------------------------- Parser: it.poliba.sisinflab.protocowl.ProtocOWLParser@5dda037d     Stack trace: Identifier index out of bounds: 24        it.poliba.sisinflab.protocowl.Parser.getIdentifier(Parser.java:675)         it.poliba.sisinflab.protocowl.Parser.parseClassExpression(Parser.java:508)         it.poliba.sisinflab.protocowl.Parser.parseClassAssertion(Parser.java:462)         it.poliba.sisinflab.protocowl.Parser.parseFrame(Parser.java:182)         it.poliba.sisinflab.protocowl.Parser.parse(Parser.java:45)         it.poliba.sisinflab.protocowl.ProtocOWLParser.parse(ProtocOWLParser.java:37)         uk.ac.manchester.cs.owl.owlapi.OWLOntologyFactoryImpl.loadOWLOntology(OWLOntologyFactoryImpl.java:195)         uk.ac.manchester.cs.owl.owlapi.OWLOntologyManagerImpl.load(OWLOntologyManagerImpl.java:1105)         uk.ac.manchester.cs.owl.owlapi.OWLOntologyManagerImpl.loadOntology(OWLOntologyManagerImpl.java:1055)         uk.ac.manchester.cs.owl.owlapi.OWLOntologyManagerImpl.loadOntologyFromOntologyDocument(OWLOntologyManagerImpl.java:1005)"
d072d130-da53-40a3-a616-59642617ccc3_M4L.owl,functional,render,OK,,
d072d130-da53-40a3-a616-59642617ccc3_M4L.owl,std,parse,FAIL,Identifier,"Problem parsing inputstream:ontology15931275138690 Could not parse ontology.  Either a suitable parser could not be found, or parsing failed.  See parser logs below for explanation. The following parsers were tried: 1) it.poliba.sisinflab.protocowl.ProtocOWLParser@7c475ccf   Detailed logs: -------------------------------------------------------------------------------- Parser: it.poliba.sisinflab.protocowl.ProtocOWLParser@7c475ccf     Stack trace: Identifier index out of bounds: 24        it.poliba.sisinflab.protocowl.Parser.getIdentifier(Parser.java:675)         it.poliba.sisinflab.protocowl.Parser.parseClassExpression(Parser.java:508)         it.poliba.sisinflab.protocowl.Parser.parseClassAssertion(Parser.java:462)         it.poliba.sisinflab.protocowl.Parser.parseFrame(Parser.java:182)         it.poliba.sisinflab.protocowl.Parser.parse(Parser.java:45)         it.poliba.sisinflab.protocowl.ProtocOWLParser.parse(ProtocOWLParser.java:37)         uk.ac.manchester.cs.owl.owlapi.OWLOntologyFactoryImpl.loadOWLOntology(OWLOntologyFactoryImpl.java:195)         uk.ac.manchester.cs.owl.owlapi.OWLOntologyManagerImpl.load(OWLOntologyManagerImpl.java:1105)         uk.ac.manchester.cs.owl.owlapi.OWLOntologyManagerImpl.loadOntology(OWLOntologyManagerImpl.java:1055)         uk.ac.manchester.cs.owl.owlapi.OWLOntologyManagerImpl.loadOntologyFromOntologyDocument(OWLOntologyManagerImpl.java:1005)"
d0ded12f-0a03-4c16-9784-39f0ae56e7ff_kyamk.owl,MIS_128,parse,FAIL,Identifier,"Problem parsing inputstream:ontology15931275138694 Could not parse ontology.  Either a suitable parser could not be found, or parsing failed.  See parser logs below for explanation. The following parsers were tried: 1) it.poliba.sisinflab.protocowl.ProtocOWLParser@3a6c41d8   Detailed logs: -------------------------------------------------------------------------------- Parser: it.poliba.sisinflab.protocowl.ProtocOWLParser@3a6c41d8     Stack trace: Identifier index out of bounds: 142        it.poliba.sisinflab.protocowl.Parser.getIdentifier(Parser.java:675)         it.poliba.sisinflab.protocowl.Parser.parseClassExpression(Parser.java:508)         it.poliba.sisinflab.protocowl.Parser.parseClassAssertion(Parser.java:462)         it.poliba.sisinflab.protocowl.Parser.parseFrame(Parser.java:182)         it.poliba.sisinflab.protocowl.Parser.parse(Parser.java:45)         it.poliba.sisinflab.protocowl.ProtocOWLParser.parse(ProtocOWLParser.java:37)         uk.ac.manchester.cs.owl.owlapi.OWLOntologyFactoryImpl.loadOWLOntology(OWLOntologyFactoryImpl.java:195)         uk.ac.manchester.cs.owl.owlapi.OWLOntologyManagerImpl.load(OWLOntologyManagerImpl.java:1105)         uk.ac.manchester.cs.owl.owlapi.OWLOntologyManagerImpl.loadOntology(OWLOntologyManagerImpl.java:1055)         uk.ac.manchester.cs.owl.owlapi.OWLOntologyManagerImpl.loadOntologyFromOntologyDocument(OWLOntologyManagerImpl.java:1005)"
d0ded12f-0a03-4c16-9784-39f0ae56e7ff_kyamk.owl,functional,render,OK,,
d0ded12f-0a03-4c16-9784-39f0ae56e7ff_kyamk.owl,std,parse,FAIL,Identifier,"Problem parsing inputstream:ontology15931275138693 Could not parse ontology.  Either a suitable parser could not be found, or parsing failed.  See parser logs below for explanation. The following parsers were tried: 1) it.poliba.sisinflab.protocowl.ProtocOWLParser@737f4da4   Detailed logs: -------------------------------------------------------------------------------- Parser: it.poliba.sisinflab.protocowl.ProtocOWLParser@737f4da4     Stack trace: Identifier index out of bounds: 142        it.poliba.sisinflab.protocowl.Parser.getIdentifier(Parser.java:675)         it.poliba.sisinflab.protocowl.Parser.parseClassExpression(Parser.java:508)         it.poliba.sisinflab.protocowl.Parser.parseClassAssertion(Parser.java:462)         it.poliba.sisinflab.protocowl.Parser.parseFrame(Parser.java:182)         it.poliba.sisinflab.protocowl.Parser.parse(Parser.java:45)         it.poliba.sisinflab.protocowl.ProtocOWLParser.parse(ProtocOWLParser.java:37)         uk.ac.manchester.cs.owl.owlapi.OWLOntologyFactoryImpl.loadOWLOntology(OWLOntologyFactoryImpl.java:195)         uk.ac.manchester.cs.owl.owlapi.OWLOntologyManagerImpl.load(OWLOntologyManagerImpl.java:1105)         uk.ac.manchester.cs.owl.owlapi.OWLOntologyManagerImpl.loadOntology(OWLOntologyManagerImpl.java:1055)         uk.ac.manchester.cs.owl.owlapi.OWLOntologyManagerImpl.loadOntologyFromOntologyDocument(OWLOntologyManagerImpl.java:1005)"
d118f435-8920-4e8c-81b3-fb572717cfec_NIFFunction.owl,MIS_128,parse,FAIL,Identifier,"Problem parsing inputstream:ontology15931275138697 Could not parse ontology.  Either a suitable parser could not be found, or parsing failed.  See parser logs below for explanation. The following parsers were tried: 1) it.poliba.sisinflab.protocowl.ProtocOWLParser@49457316   Detailed logs: -------------------------------------------------------------------------------- Parser: it.poliba.sisinflab.protocowl.ProtocOWLParser@49457316     Stack trace: Identifier index out of bounds: 15        it.poliba.sisinflab.protocowl.Parser.getIdentifier(Parser.java:675)         it.poliba.sisinflab.protocowl.Parser.parseObjectPropertyExpression(Parser.java:586)         it.poliba.sisinflab.protocowl.Parser.parseClassExpression(Parser.java:535)         it.poliba.sisinflab.protocowl.Parser.parseClassAssertion(Parser.java:462)         it.poliba.sisinflab.protocowl.Parser.parseFrame(Parser.java:182)         it.poliba.sisinflab.protocowl.Parser.parse(Parser.java:45)         it.poliba.sisinflab.protocowl.ProtocOWLParser.parse(ProtocOWLParser.java:37)         uk.ac.manchester.cs.owl.owlapi.OWLOntologyFactoryImpl.loadOWLOntology(OWLOntologyFactoryImpl.java:195)         uk.ac.manchester.cs.owl.owlapi.OWLOntologyManagerImpl.load(OWLOntologyManagerImpl.java:1105)         uk.ac.manchester.cs.owl.owlapi.OWLOntologyManagerImpl.loadOntology(OWLOntologyManagerImpl.java:1055)"
d118f435-8920-4e8c-81b3-fb572717cfec_NIFFunction.owl,functional,render,OK,,
d118f435-8920-4e8c-81b3-fb572717cfec_NIFFunction.owl,std,parse,FAIL,Identifier,"Problem parsing inputstream:ontology15931275138696 Could not parse ontology.  Either a suitable parser could not be found, or parsing failed.  See parser logs below for explanation. The following parsers were tried: 1) it.poliba.sisinflab.protocowl.ProtocOWLParser@4353af74   Detailed logs: -------------------------------------------------------------------------------- Parser: it.poliba.sisinflab.protocowl.ProtocOWLParser@4353af74     Stack trace: Identifier index out of bounds: 15        it.poliba.sisinflab.protocowl.Parser.getIdentifier(Parser.java:675)         it.poliba.sisinflab.protocowl.Parser.parseObjectPropertyExpression(Parser.java:586)         it.poliba.sisinflab.protocowl.Parser.parseClassExpression(Parser.java:535)         it.poliba.sisinflab.protocowl.Parser.parseClassAssertion(Parser.java:462)         it.poliba.sisinflab.protocowl.Parser.parseFrame(Parser.java:182)         it.poliba.sisinflab.protocowl.Parser.parse(Parser.java:45)         it.poliba.sisinflab.protocowl.ProtocOWLParser.parse(ProtocOWLParser.java:37)         uk.ac.manchester.cs.owl.owlapi.OWLOntologyFactoryImpl.loadOWLOntology(OWLOntologyFactoryImpl.java:195)         uk.ac.manchester.cs.owl.owlapi.OWLOntologyManagerImpl.load(OWLOntologyManagerImpl.java:1105)         uk.ac.manchester.cs.owl.owlapi.OWLOntologyManagerImpl.loadOntology(OWLOntologyManagerImpl.java:1055)"
d2de1f4a-7c94-4c4c-956e-38b7a836b4ed_protlabels.obo,MIS_128,parse,FAIL,Identifier,"Problem parsing inputstream:ontology15931275138700 Could not parse ontology.  Either a suitable parser could not be found, or parsing failed.  See parser logs below for explanation. The following parsers were tried: 1) it.poliba.sisinflab.protocowl.ProtocOWLParser@212be10e   Detailed logs: -------------------------------------------------------------------------------- Parser: it.poliba.sisinflab.protocowl.ProtocOWLParser@212be10e     Stack trace: Identifier index out of bounds: 111        it.poliba.sisinflab.protocowl.Parser.getIdentifier(Parser.java:675)         it.poliba.sisinflab.protocowl.Parser.parseIndividual(Parser.java:605)         it.poliba.sisinflab.protocowl.Parser.parseClassExpression(Parser.java:528)         it.poliba.sisinflab.protocowl.Parser.parseClassAssertion(Parser.java:462)         it.poliba.sisinflab.protocowl.Parser.parseFrame(Parser.java:182)         it.poliba.sisinflab.protocowl.Parser.parse(Parser.java:45)         it.poliba.sisinflab.protocowl.ProtocOWLParser.parse(ProtocOWLParser.java:37)         uk.ac.manchester.cs.owl.owlapi.OWLOntologyFactoryImpl.loadOWLOntology(OWLOntologyFactoryImpl.java:195)         uk.ac.manchester.cs.owl.owlapi.OWLOntologyManagerImpl.load(OWLOntologyManagerImpl.java:1105)         uk.ac.manchester.cs.owl.owlapi.OWLOntologyManagerImpl.loadOntology(OWLOntologyManagerImpl.java:1055)"
d2de1f4a-7c94-4c4c-956e-38b7a836b4ed_protlabels.obo,functional,render,OK,,
d2de1f4a-7c94-4c4c-956e-38b7a836b4ed_protlabels.obo,std,parse,FAIL,Identifier,"Problem parsing inputstream:ontology15931275138699 Could not parse ontology.  Either a suitable parser could not be found, or parsing failed.  See parser logs below for explanation. The following parsers were tried: 1) it.poliba.sisinflab.protocowl.ProtocOWLParser@e365ad   Detailed logs: -------------------------------------------------------------------------------- Parser: it.poliba.sisinflab.protocowl.ProtocOWLParser@e365ad     Stack trace: Identifier index out of bounds: 111        it.poliba.sisinflab.protocowl.Parser.getIdentifier(Parser.java:675)         it.poliba.sisinflab.protocowl.Parser.parseIndividual(Parser.java:605)         it.poliba.sisinflab.protocowl.Parser.parseClassExpression(Parser.java:528)         it.poliba.sisinflab.protocowl.Parser.parseClassAssertion(Parser.java:462)         it.poliba.sisinflab.protocowl.Parser.parseFrame(Parser.java:182)         it.poliba.sisinflab.protocowl.Parser.parse(Parser.java:45)         it.poliba.sisinflab.protocowl.ProtocOWLParser.parse(ProtocOWLParser.java:37)         uk.ac.manchester.cs.owl.owlapi.OWLOntologyFactoryImpl.loadOWLOntology(OWLOntologyFactoryImpl.java:195)         uk.ac.manchester.cs.owl.owlapi.OWLOntologyManagerImpl.load(OWLOntologyManagerImpl.java:1105)         uk.ac.manchester.cs.owl.owlapi.OWLOntologyManagerImpl.loadOntology(OWLOntologyManagerImpl.java:1055)"
d9f87343-d24d-47c7-9a74-ee066c16d5c7_lsrth.rdf,MIS_128,parse,FAIL,Identifier,"Problem parsing inputstream:ontology15931275138703 Could not parse ontology.  Either a suitable parser could not be found, or parsing failed.  See parser logs below for explanation. The following parsers were tried: 1) it.poliba.sisinflab.protocowl.ProtocOWLParser@4e787f67   Detailed logs: -------------------------------------------------------------------------------- Parser: it.poliba.sisinflab.protocowl.ProtocOWLParser@4e787f67     Stack trace: Identifier index out of bounds: 9        it.poliba.sisinflab.protocowl.Parser.getIdentifier(Parser.java:675)         it.poliba.sisinflab.protocowl.Parser.parseClassExpression(Parser.java:508)         it.poliba.sisinflab.protocowl.Parser.parseClassAssertion(Parser.java:462)         it.poliba.sisinflab.protocowl.Parser.parseFrame(Parser.java:182)         it.poliba.sisinflab.protocowl.Parser.parse(Parser.java:45)         it.poliba.sisinflab.protocowl.ProtocOWLParser.parse(ProtocOWLParser.java:37)         uk.ac.manchester.cs.owl.owlapi.OWLOntologyFactoryImpl.loadOWLOntology(OWLOntologyFactoryImpl.java:195)         uk.ac.manchester.cs.owl.owlapi.OWLOntologyManagerImpl.load(OWLOntologyManagerImpl.java:1105)         uk.ac.manchester.cs.owl.owlapi.OWLOntologyManagerImpl.loadOntology(OWLOntologyManagerImpl.java:1055)         uk.ac.manchester.cs.owl.owlapi.OWLOntologyManagerImpl.loadOntologyFromOntologyDocument(OWLOntologyManagerImpl.java:1005)"
d9f87343-d24d-47c7-9a74-ee066c16d5c7_lsrth.rdf,functional,render,OK,,
d9f87343-d24d-47c7-9a74-ee066c16d5c7_lsrth.rdf,std,parse,FAIL,Identifier,"Problem parsing inputstream:ontology15931275138702 Could not parse ontology.  Either a suitable parser could not be found, or parsing failed.  See parser logs below for explanation. The following parsers were tried: 1) it.poliba.sisinflab.protocowl.ProtocOWLParser@2e793816   Detailed logs: -------------------------------------------------------------------------------- Parser: it.poliba.sisinflab.protocowl.ProtocOWLParser@2e793816     Stack trace: Identifier index out of bounds: 9        it.poliba.sisinflab.protocowl.Parser.getIdentifier(Parser.java:675)         it.poliba.sisinflab.protocowl.Parser.parseClassExpression(Parser.java:508)         it.poliba.sisinflab.protocowl.Parser.parseClassAssertion(Parser.java:462)         it.poliba.sisinflab.protocowl.Parser.parseFrame(Parser.java:182)         it.poliba.sisinflab.protocowl.Parser.parse(Parser.java:45)         it.poliba.sisinflab.protocowl.ProtocOWLParser.parse(ProtocOWLParser.java:37)         uk.ac.manchester.cs.owl.owlapi.OWLOntologyFactoryImpl.loadOWLOntology(OWLOntologyFactoryImpl.java:195)         uk.ac.manchester.cs.owl.owlapi.OWLOntologyManagerImpl.load(OWLOntologyManagerImpl.java:1105)         uk.ac.manchester.cs.owl.owlapi.OWLOntologyManagerImpl.loadOntology(OWLOntologyManagerImpl.java:1055)         uk.ac.manchester.cs.owl.owlapi.OWLOntologyManagerImpl.loadOntologyFromOntologyDocument(OWLOntologyManagerImpl.java:1005)"
e0a109c2-83f0-4d25-8cdc-f8068804dbb2_rsimplegaf.owl,MIS_128,parse,FAIL,ClassExpression,"Problem parsing inputstream:ontology15931275138706 Could not parse ontology.  Either a suitable parser could not be found, or parsing failed.  See parser logs below for explanation. The following parsers were tried: 1) it.poliba.sisinflab.protocowl.ProtocOWLParser@4c107218   Detailed logs: -------------------------------------------------------------------------------- Parser: it.poliba.sisinflab.protocowl.ProtocOWLParser@4c107218     Stack trace: Unsupported ClassExpression type: 16        it.poliba.sisinflab.protocowl.Parser.parseClassExpression(Parser.java:576)         it.poliba.sisinflab.protocowl.Parser.parseClassExpression(Parser.java:523)         it.poliba.sisinflab.protocowl.Parser.parseClassAssertion(Parser.java:462)         it.poliba.sisinflab.protocowl.Parser.parseFrame(Parser.java:182)         it.poliba.sisinflab.protocowl.Parser.parse(Parser.java:45)         it.poliba.sisinflab.protocowl.ProtocOWLParser.parse(ProtocOWLParser.java:37)         uk.ac.manchester.cs.owl.owlapi.OWLOntologyFactoryImpl.loadOWLOntology(OWLOntologyFactoryImpl.java:195)         uk.ac.manchester.cs.owl.owlapi.OWLOntologyManagerImpl.load(OWLOntologyManagerImpl.java:1105)         uk.ac.manchester.cs.owl.owlapi.OWLOntologyManagerImpl.loadOntology(OWLOntologyManagerImpl.java:1055)         uk.ac.manchester.cs.owl.owlapi.OWLOntologyManagerImpl.loadOntologyFromOntologyDocument(OWLOntologyManagerImpl.java:1005)"
e0a109c2-83f0-4d25-8cdc-f8068804dbb2_rsimplegaf.owl,functional,render,OK,,
e0a109c2-83f0-4d25-8cdc-f8068804dbb2_rsimplegaf.owl,std,parse,FAIL,ClassExpression,"Problem parsing inputstream:ontology15931275138705 Could not parse ontology.  Either a suitable parser could not be found, or parsing failed.  See parser logs below for explanation. The following parsers were tried: 1) it.poliba.sisinflab.protocowl.ProtocOWLParser@5142a70e   Detailed logs: -------------------------------------------------------------------------------- Parser: it.poliba.sisinflab.protocowl.ProtocOWLParser@5142a70e     Stack trace: Unsupported ClassExpression type: 16        it.poliba.sisinflab.protocowl.Parser.parseClassExpression(Parser.java:576)         it.poliba.sisinflab.protocowl.Parser.parseClassExpression(Parser.java:523)         it.poliba.sisinflab.protocowl.Parser.parseClassAssertion(Parser.java:462)         it.poliba.sisinflab.protocowl.Parser.parseFrame(Parser.java:182)         it.poliba.sisinflab.protocowl.Parser.parse(Parser.java:45)         it.poliba.sisinflab.protocowl.ProtocOWLParser.parse(ProtocOWLParser.java:37)         uk.ac.manchester.cs.owl.owlapi.OWLOntologyFactoryImpl.loadOWLOntology(OWLOntologyFactoryImpl.java:195)         uk.ac.manchester.cs.owl.owlapi.OWLOntologyManagerImpl.load(OWLOntologyManagerImpl.java:1105)         uk.ac.manchester.cs.owl.owlapi.OWLOntologyManagerImpl.loadOntology(OWLOntologyManagerImpl.java:1055)         uk.ac.manchester.cs.owl.owlapi.OWLOntologyManagerImpl.loadOntologyFromOntologyDocument(OWLOntologyManagerImpl.java:1005)"
e1404a38-2d70-4173-8c02-6b6fac85cf32_DOLCELite.owl,MIS_128,parse,FAIL,ClassExpression,"Problem parsing inputstream:ontology15931275138709 Could not parse ontology.  Either a suitable parser could not be found, or parsing failed.  See parser logs below for explanation. The following parsers were tried: 1) it.poliba.sisinflab.protocowl.ProtocOWLParser@40114dd6   Detailed logs: -------------------------------------------------------------------------------- Parser: it.poliba.sisinflab.protocowl.ProtocOWLParser@40114dd6     Stack trace: Unsupported ClassExpression type: 16        it.poliba.sisinflab.protocowl.Parser.parseClassExpression(Parser.java:576)         it.poliba.sisinflab.protocowl.Parser.parseClassExpression(Parser.java:523)         it.poliba.sisinflab.protocowl.Parser.parseClassAssertion(Parser.java:462)         it.poliba.sisinflab.protocowl.Parser.parseFrame(Parser.java:182)         it.poliba.sisinflab.protocowl.Parser.parse(Parser.java:45)         it.poliba.sisinflab.protocowl.ProtocOWLParser.parse(ProtocOWLParser.java:37)         uk.ac.manchester.cs.owl.owlapi.OWLOntologyFactoryImpl.loadOWLOntology(OWLOntologyFactoryImpl.java:195)         uk.ac.manchester.cs.owl.owlapi.OWLOntologyManagerImpl.load(OWLOntologyManagerImpl.java:1105)         uk.ac.manchester.cs.owl.owlapi.OWLOntologyManagerImpl.loadOntology(OWLOntologyManagerImpl.java:1055)         uk.ac.manchester.cs.owl.owlapi.OWLOntologyManagerImpl.loadOntologyFromOntologyDocument(OWLOntologyManagerImpl.java:1005)"
e1404a38-2d70-4173-8c02-6b6fac85cf32_DOLCELite.owl,functional,render,OK,,
e1404a38-2d70-4173-8c02-6b6fac85cf32_DOLCELite.owl,std,parse,FAIL,ClassExpression,"Problem parsing inputstream:ontology15931275138708 Could not parse ontology.  Either a suitable parser could not be found, or parsing failed.  See parser logs below for explanation. The following parsers were tried: 1) it.poliba.sisinflab.protocowl.ProtocOWLParser@6836f540   Detailed logs: -------------------------------------------------------------------------------- Parser: it.poliba.sisinflab.protocowl.ProtocOWLParser@6836f540     Stack trace: Unsupported ClassExpression type: 16        it.poliba.sisinflab.protocowl.Parser.parseClassExpression(Parser.java:576)         it.poliba.sisinflab.protocowl.Parser.parseClassExpression(Parser.java:523)         it.poliba.sisinflab.protocowl.Parser.parseClassAssertion(Parser.java:462)         it.poliba.sisinflab.protocowl.Parser.parseFrame(Parser.java:182)         it.poliba.sisinflab.protocowl.Parser.parse(Parser.java:45)         it.poliba.sisinflab.protocowl.ProtocOWLParser.parse(ProtocOWLParser.java:37)         uk.ac.manchester.cs.owl.owlapi.OWLOntologyFactoryImpl.loadOWLOntology(OWLOntologyFactoryImpl.java:195)         uk.ac.manchester.cs.owl.owlapi.OWLOntologyManagerImpl.load(OWLOntologyManagerImpl.java:1105)         uk.ac.manchester.cs.owl.owlapi.OWLOntologyManagerImpl.loadOntology(OWLOntologyManagerImpl.java:1055)         uk.ac.manchester.cs.owl.owlapi.OWLOntologyManagerImpl.loadOntologyFromOntologyDocument(OWLOntologyManagerImpl.java:1005)"
efdc2a3d-b99d-4695-9d86-c000183b0c47_emapmerged.obo,MIS_128,parse,FAIL,Identifier,"Problem parsing inputstream:ontology15931275138712 Could not parse ontology.  Either a suitable parser could not be found, or parsing failed.  See parser logs below for explanation. The following parsers were tried: 1) it.poliba.sisinflab.protocowl.ProtocOWLParser@a83a49a   Detailed logs: -------------------------------------------------------------------------------- Parser: it.poliba.sisinflab.protocowl.ProtocOWLParser@a83a49a     Stack trace: Identifier index out of bounds: 111        it.poliba.sisinflab.protocowl.Parser.getIdentifier(Parser.java:675)         it.poliba.sisinflab.protocowl.Parser.parseIndividual(Parser.java:605)         it.poliba.sisinflab.protocowl.Parser.parseClassExpression(Parser.java:528)         it.poliba.sisinflab.protocowl.Parser.parseClassAssertion(Parser.java:462)         it.poliba.sisinflab.protocowl.Parser.parseFrame(Parser.java:182)         it.poliba.sisinflab.protocowl.Parser.parse(Parser.java:45)         it.poliba.sisinflab.protocowl.ProtocOWLParser.parse(ProtocOWLParser.java:37)         uk.ac.manchester.cs.owl.owlapi.OWLOntologyFactoryImpl.loadOWLOntology(OWLOntologyFactoryImpl.java:195)         uk.ac.manchester.cs.owl.owlapi.OWLOntologyManagerImpl.load(OWLOntologyManagerImpl.java:1105)         uk.ac.manchester.cs.owl.owlapi.OWLOntologyManagerImpl.loadOntology(OWLOntologyManagerImpl.java:1055)"
efdc2a3d-b99d-4695-9d86-c000183b0c47_emapmerged.obo,functional,render,OK,,
efdc2a3d-b99d-4695-9d86-c000183b0c47_emapmerged.obo,std,parse,FAIL,Identifier,"Problem parsing inputstream:ontology15931275138711 Could not parse ontology.  Either a suitable parser could not be found, or parsing failed.  See parser logs below for explanation. The following parsers were tried: 1) it.poliba.sisinflab.protocowl.ProtocOWLParser@1ccba19f   Detailed logs: -------------------------------------------------------------------------------- Parser: it.poliba.sisinflab.protocowl.ProtocOWLParser@1ccba19f     Stack trace: Identifier index out of bounds: 111        it.poliba.sisinflab.protocowl.Parser.getIdentifier(Parser.java:675)         it.poliba.sisinflab.protocowl.Parser.parseIndividual(Parser.java:605)         it.poliba.sisinflab.protocowl.Parser.parseClassExpression(Parser.java:528)         it.poliba.sisinflab.protocowl.Parser.parseClassAssertion(Parser.java:462)         it.poliba.sisinflab.protocowl.Parser.parseFrame(Parser.java:182)         it.poliba.sisinflab.protocowl.Parser.parse(Parser.java:45)         it.poliba.sisinflab.protocowl.ProtocOWLParser.parse(ProtocOWLParser.java:37)         uk.ac.manchester.cs.owl.owlapi.OWLOntologyFactoryImpl.loadOWLOntology(OWLOntologyFactoryImpl.java:195)         uk.ac.manchester.cs.owl.owlapi.OWLOntologyManagerImpl.load(OWLOntologyManagerImpl.java:1105)         uk.ac.manchester.cs.owl.owlapi.OWLOntologyManagerImpl.loadOntology(OWLOntologyManagerImpl.java:1055)"
f2a8ee0b-442b-4249-92b7-0299afc47da6_gina.owl,MIS_128,parse,FAIL,Identifier,"Problem parsing inputstream:ontology15931275138715 Could not parse ontology.  Either a suitable parser could not be found, or parsing failed.  See parser logs below for explanation. The following parsers were tried: 1) it.poliba.sisinflab.protocowl.ProtocOWLParser@76e1f6   Detailed logs: -------------------------------------------------------------------------------- Parser: it.poliba.sisinflab.protocowl.ProtocOWLParser@76e1f6     Stack trace: Identifier index out of bounds: 3        it.poliba.sisinflab.protocowl.Parser.getIdentifier(Parser.java:675)         it.poliba.sisinflab.protocowl.Parser.parseClassExpression(Parser.java:508)         it.poliba.sisinflab.protocowl.Parser.parseClassAssertion(Parser.java:462)         it.poliba.sisinflab.protocowl.Parser.parseFrame(Parser.java:182)         it.poliba.sisinflab.protocowl.Parser.parse(Parser.java:45)         it.poliba.sisinflab.protocowl.ProtocOWLParser.parse(ProtocOWLParser.java:37)         uk.ac.manchester.cs.owl.owlapi.OWLOntologyFactoryImpl.loadOWLOntology(OWLOntologyFactoryImpl.java:195)         uk.ac.manchester.cs.owl.owlapi.OWLOntologyManagerImpl.load(OWLOntologyManagerImpl.java:1105)         uk.ac.manchester.cs.owl.owlapi.OWLOntologyManagerImpl.loadOntology(OWLOntologyManagerImpl.java:1055)         uk.ac.manchester.cs.owl.owlapi.OWLOntologyManagerImpl.loadOntologyFromOntologyDocument(OWLOntologyManagerImpl.java:1005)"
f2a8ee0b-442b-4249-92b7-0299afc47da6_gina.owl,functional,render,FAIL,OWLOntologyStorageException,"java.io.IOException: Espressione non supportata: DataHasValue(<http://pszwed.ia.agh.edu.pl/ontologies/gina.owl#liczba_wystąpień> ""1""^^xsd:int)"
f2a8ee0b-442b-4249-92b7-0299afc47da6_gina.owl,std,parse,FAIL,Identifier,"Problem parsing inputstream:ontology15931275138714 Could not parse ontology.  Either a suitable parser could not be found, or parsing failed.  See parser logs below for explanation. The following parsers were tried: 1) it.poliba.sisinflab.protocowl.ProtocOWLParser@19a011eb   Detailed logs: -------------------------------------------------------------------------------- Parser: it.poliba.sisinflab.protocowl.ProtocOWLParser@19a011eb     Stack trace: Identifier index out of bounds: 3        it.poliba.sisinflab.protocowl.Parser.getIdentifier(Parser.java:675)         it.poliba.sisinflab.protocowl.Parser.parseClassExpression(Parser.java:508)         it.poliba.sisinflab.protocowl.Parser.parseClassAssertion(Parser.java:462)         it.poliba.sisinflab.protocowl.Parser.parseFrame(Parser.java:182)         it.poliba.sisinflab.protocowl.Parser.parse(Parser.java:45)         it.poliba.sisinflab.protocowl.ProtocOWLParser.parse(ProtocOWLParser.java:37)         uk.ac.manchester.cs.owl.owlapi.OWLOntologyFactoryImpl.loadOWLOntology(OWLOntologyFactoryImpl.java:195)         uk.ac.manchester.cs.owl.owlapi.OWLOntologyManagerImpl.load(OWLOntologyManagerImpl.java:1105)         uk.ac.manchester.cs.owl.owlapi.OWLOntologyManagerImpl.loadOntology(OWLOntologyManagerImpl.java:1055)         uk.ac.manchester.cs.owl.owlapi.OWLOntologyManagerImpl.loadOntologyFromOntologyDocument(OWLOntologyManagerImpl.java:1005)"
fee2724f-5d72-40c1-961b-394a2677c8c5_DOIDBridge.owl,MIS_128,parse,FAIL,Identifier,"Problem parsing inputstream:ontology15931275138718 Could not parse ontology.  Either a suitable parser could not be found, or parsing failed.  See parser logs below for explanation. The following parsers were tried: 1) it.poliba.sisinflab.protocowl.ProtocOWLParser@5f4817b5   Detailed logs: -------------------------------------------------------------------------------- Parser: it.poliba.sisinflab.protocowl.ProtocOWLParser@5f4817b5     Stack trace: Identifier index out of bounds: 110        it.poliba.sisinflab.protocowl.Parser.getIdentifier(Parser.java:675)         it.poliba.sisinflab.protocowl.Parser.parseObjectPropertyExpression(Parser.java:586)         it.poliba.sisinflab.protocowl.Parser.parseClassExpression(Parser.java:549)         it.poliba.sisinflab.protocowl.Parser.parseClassAssertion(Parser.java:462)         it.poliba.sisinflab.protocowl.Parser.parseFrame(Parser.java:182)         it.poliba.sisinflab.protocowl.Parser.parse(Parser.java:45)         it.poliba.sisinflab.protocowl.ProtocOWLParser.parse(ProtocOWLParser.java:37)         uk.ac.manchester.cs.owl.owlapi.OWLOntologyFactoryImpl.loadOWLOntology(OWLOntologyFactoryImpl.java:195)         uk.ac.manchester.cs.owl.owlapi.OWLOntologyManagerImpl.load(OWLOntologyManagerImpl.java:1105)         uk.ac.manchester.cs.owl.owlapi.OWLOntologyManagerImpl.loadOntology(OWLOntologyManagerImpl.java:1055)"
fee2724f-5d72-40c1-961b-394a2677c8c5_DOIDBridge.owl,functional,render,OK,,
fee2724f-5d72-40c1-961b-394a2677c8c5_DOIDBridge.owl,std,parse,FAIL,Identifier,"Problem parsing inputstream:ontology15931275138717 Could not parse ontology.  Either a suitable parser could not be found, or parsing failed.  See parser logs below for explanation. The following parsers were tried: 1) it.poliba.sisinflab.protocowl.ProtocOWLParser@46201501   Detailed logs: -------------------------------------------------------------------------------- Parser: it.poliba.sisinflab.protocowl.ProtocOWLParser@46201501     Stack trace: Identifier index out of bounds: 110        it.poliba.sisinflab.protocowl.Parser.getIdentifier(Parser.java:675)         it.poliba.sisinflab.protocowl.Parser.parseObjectPropertyExpression(Parser.java:586)         it.poliba.sisinflab.protocowl.Parser.parseClassExpression(Parser.java:549)         it.poliba.sisinflab.protocowl.Parser.parseClassAssertion(Parser.java:462)         it.poliba.sisinflab.protocowl.Parser.parseFrame(Parser.java:182)         it.poliba.sisinflab.protocowl.Parser.parse(Parser.java:45)         it.poliba.sisinflab.protocowl.ProtocOWLParser.parse(ProtocOWLParser.java:37)         uk.ac.manchester.cs.owl.owlapi.OWLOntologyFactoryImpl.loadOWLOntology(OWLOntologyFactoryImpl.java:195)         uk.ac.manchester.cs.owl.owlapi.OWLOntologyManagerImpl.load(OWLOntologyManagerImpl.java:1105)         uk.ac.manchester.cs.owl.owlapi.OWLOntologyManagerImpl.loadOntology(OWLOntologyManagerImpl.java:1055)"
ff8566a7-b5cf-4101-84fa-e7ed204b83d2_Location.owl,MIS_128,parse,FAIL,Identifier,"Problem parsing inputstream:ontology15931275138721 Could not parse ontology.  Either a suitable parser could not be found, or parsing failed.  See parser logs below for explanation. The following parsers were tried: 1) it.poliba.sisinflab.protocowl.ProtocOWLParser@3a6bd9e8   Detailed logs: -------------------------------------------------------------------------------- Parser: it.poliba.sisinflab.protocowl.ProtocOWLParser@3a6bd9e8     Stack trace: Identifier index out of bounds: 15        it.poliba.sisinflab.protocowl.Parser.getIdentifier(Parser.java:675)         it.poliba.sisinflab.protocowl.Parser.parseObjectPropertyExpression(Parser.java:586)         it.poliba.sisinflab.protocowl.Parser.parseClassExpression(Parser.java:531)         it.poliba.sisinflab.protocowl.Parser.parseClassAssertion(Parser.java:462)         it.poliba.sisinflab.protocowl.Parser.parseFrame(Parser.java:182)         it.poliba.sisinflab.protocowl.Parser.parse(Parser.java:45)         it.poliba.sisinflab.protocowl.ProtocOWLParser.parse(ProtocOWLParser.java:37)         uk.ac.manchester.cs.owl.owlapi.OWLOntologyFactoryImpl.loadOWLOntology(OWLOntologyFactoryImpl.java:195)         uk.ac.manchester.cs.owl.owlapi.OWLOntologyManagerImpl.load(OWLOntologyManagerImpl.java:1105)         uk.ac.manchester.cs.owl.owlapi.OWLOntologyManagerImpl.loadOntology(OWLOntologyManagerImpl.java:1055)"
ff8566a7-b5cf-4101-84fa-e7ed204b83d2_Location.owl,functional,render,OK,,
ff8566a7-b5cf-4101-84fa-e7ed204b83d2_Location.owl,std,parse,FAIL,Identifier,"Problem parsing inputstream:ontology15931275138720 Could not parse ontology.  Either a suitable parser could not be found, or parsing failed.  See parser logs below for explanation. The following parsers were tried: 1) it.poliba.sisinflab.protocowl.ProtocOWLParser@28c1fef0   Detailed logs: -------------------------------------------------------------------------------- Parser: it.poliba.sisinflab.protocowl.ProtocOWLParser@28c1fef0     Stack trace: Identifier index out of bounds: 15        it.poliba.sisinflab.protocowl.Parser.getIdentifier(Parser.java:675)         it.poliba.sisinflab.protocowl.Parser.parseObjectPropertyExpression(Parser.java:586)         it.poliba.sisinflab.protocowl.Parser.parseClassExpression(Parser.java:531)         it.poliba.sisinflab.protocowl.Parser.parseClassAssertion(Parser.java:462)         it.poliba.sisinflab.protocowl.Parser.parseFrame(Parser.java:182)         it.poliba.sisinflab.protocowl.Parser.parse(Parser.java:45)         it.poliba.sisinflab.protocowl.ProtocOWLParser.parse(ProtocOWLParser.java:37)         uk.ac.manchester.cs.owl.owlapi.OWLOntologyFactoryImpl.loadOWLOntology(OWLOntologyFactoryImpl.java:195)         uk.ac.manchester.cs.owl.owlapi.OWLOntologyManagerImpl.load(OWLOntologyManagerImpl.java:1105)         uk.ac.manchester.cs.owl.owlapi.OWLOntologyManagerImpl.loadOntology(OWLOntologyManagerImpl.java:1055)"
hp.human-phenotype-ontology.442.owl.xml,MIS_128,parse,FAIL,ClassExpression,"Problem parsing inputstream:ontology15931275138724 Could not parse ontology.  Either a suitable parser could not be found, or parsing failed.  See parser logs below for explanation. The following parsers were tried: 1) it.poliba.sisinflab.protocowl.ProtocOWLParser@4fe52793   Detailed logs: -------------------------------------------------------------------------------- Parser: it.poliba.sisinflab.protocowl.ProtocOWLParser@4fe52793     Stack trace: Unsupported ClassExpression type: 16        it.poliba.sisinflab.protocowl.Parser.parseClassExpression(Parser.java:576)         it.poliba.sisinflab.protocowl.Parser.parseClassExpression(Parser.java:523)         it.poliba.sisinflab.protocowl.Parser.parseClassAssertion(Parser.java:462)         it.poliba.sisinflab.protocowl.Parser.parseFrame(Parser.java:182)         it.poliba.sisinflab.protocowl.Parser.parse(Parser.java:45)         it.poliba.sisinflab.protocowl.ProtocOWLParser.parse(ProtocOWLParser.java:37)         uk.ac.manchester.cs.owl.owlapi.OWLOntologyFactoryImpl.loadOWLOntology(OWLOntologyFactoryImpl.java:195)         uk.ac.manchester.cs.owl.owlapi.OWLOntologyManagerImpl.load(OWLOntologyManagerImpl.java:1105)         uk.ac.manchester.cs.owl.owlapi.OWLOntologyManagerImpl.loadOntology(OWLOntologyManagerImpl.java:1055)         uk.ac.manchester.cs.owl.owlapi.OWLOntologyManagerImpl.loadOntologyFromOntologyDocument(OWLOntologyManagerImpl.java:1005)"
hp.human-phenotype-ontology.442.owl.xml,functional,render,OK,,
hp.human-phenotype-ontology.442.owl.xml,std,parse,FAIL,ClassExpression,"Problem parsing inputstream:ontology15931275138723 Could not parse ontology.  Either a suitable parser could not be found, or parsing failed.  See parser logs below for explanation. The following parsers were tried: 1) it.poliba.sisinflab.protocowl.ProtocOWLParser@70ab4ae3   Detailed logs: -------------------------------------------------------------------------------- Parser: it.poliba.sisinflab.protocowl.ProtocOWLParser@70ab4ae3     Stack trace: Unsupported ClassExpression type: 16        it.poliba.sisinflab.protocowl.Parser.parseClassExpression(Parser.java:576)         it.poliba.sisinflab.protocowl.Parser.parseClassExpression(Parser.java:523)         it.poliba.sisinflab.protocowl.Parser.parseClassAssertion(Parser.java:462)         it.poliba.sisinflab.protocowl.Parser.parseFrame(Parser.java:182)         it.poliba.sisinflab.protocowl.Parser.parse(Parser.java:45)         it.poliba.sisinflab.protocowl.ProtocOWLParser.parse(ProtocOWLParser.java:37)         uk.ac.manchester.cs.owl.owlapi.OWLOntologyFactoryImpl.loadOWLOntology(OWLOntologyFactoryImpl.java:195)         uk.ac.manchester.cs.owl.owlapi.OWLOntologyManagerImpl.load(OWLOntologyManagerImpl.java:1105)         uk.ac.manchester.cs.owl.owlapi.OWLOntologyManagerImpl.loadOntology(OWLOntologyManagerImpl.java:1055)         uk.ac.manchester.cs.owl.owlapi.OWLOntologyManagerImpl.loadOntologyFromOntologyDocument(OWLOntologyManagerImpl.java:1005)"
kb-owl-syntax-unraveled-depth-0-cardinalities-disjointness-triggers-constant-classes-value-nominals.ofn,MIS_128,parse,FAIL,Identifier,"Problem parsing inputstream:ontology15931275138727 Could not parse ontology.  Either a suitable parser could not be found, or parsing failed.  See parser logs below for explanation. The following parsers were tried: 1) it.poliba.sisinflab.protocowl.ProtocOWLParser@616ebfed   Detailed logs: -------------------------------------------------------------------------------- Parser: it.poliba.sisinflab.protocowl.ProtocOWLParser@616ebfed     Stack trace: Identifier index out of bounds: 15        it.poliba.sisinflab.protocowl.Parser.getIdentifier(Parser.java:675)         it.poliba.sisinflab.protocowl.Parser.parseObjectPropertyExpression(Parser.java:586)         it.poliba.sisinflab.protocowl.Parser.parseClassExpression(Parser.java:535)         it.poliba.sisinflab.protocowl.Parser.parseClassAssertion(Parser.java:462)         it.poliba.sisinflab.protocowl.Parser.parseFrame(Parser.java:182)         it.poliba.sisinflab.protocowl.Parser.parse(Parser.java:45)         it.poliba.sisinflab.protocowl.ProtocOWLParser.parse(ProtocOWLParser.java:37)         uk.ac.manchester.cs.owl.owlapi.OWLOntologyFactoryImpl.loadOWLOntology(OWLOntologyFactoryImpl.java:195)         uk.ac.manchester.cs.owl.owlapi.OWLOntologyManagerImpl.load(OWLOntologyManagerImpl.java:1105)         uk.ac.manchester.cs.owl.owlapi.OWLOntologyManagerImpl.loadOntology(OWLOntologyManagerImpl.java:1055)"
kb-owl-syntax-unraveled-depth-0-cardinalities-disjointness-triggers-constant-classes-value-nominals.ofn,functional,render,OK,,
kb-owl-syntax-unraveled-depth-0-cardinalities-disjointness-triggers-constant-classes-value-nominals.ofn,std,parse,FAIL,Identifier,"Problem parsing inputstream:ontology15931275138726 Could not parse ontology.  Either a suitable parser could not be found, or parsing failed.  See parser logs below for explanation. The following parsers were tried: 1) it.poliba.sisinflab.protocowl.ProtocOWLParser@19d2b67b   Detailed logs: -------------------------------------------------------------------------------- Parser: it.poliba.sisinflab.protocowl.ProtocOWLParser@19d2b67b     Stack trace: Identifier index out of bounds: 15        it.poliba.sisinflab.protocowl.Parser.getIdentifier(Parser.java:675)         it.poliba.sisinflab.protocowl.Parser.parseObjectPropertyExpression(Parser.java:586)         it.poliba.sisinflab.protocowl.Parser.parseClassExpression(Parser.java:535)         it.poliba.sisinflab.protocowl.Parser.parseClassAssertion(Parser.java:462)         it.poliba.sisinflab.protocowl.Parser.parseFrame(Parser.java:182)         it.poliba.sisinflab.protocowl.Parser.parse(Parser.java:45)         it.poliba.sisinflab.protocowl.ProtocOWLParser.parse(ProtocOWLParser.java:37)         uk.ac.manchester.cs.owl.owlapi.OWLOntologyFactoryImpl.loadOWLOntology(OWLOntologyFactoryImpl.java:195)         uk.ac.manchester.cs.owl.owlapi.OWLOntologyManagerImpl.load(OWLOntologyManagerImpl.java:1105)         uk.ac.manchester.cs.owl.owlapi.OWLOntologyManagerImpl.loadOntology(OWLOntologyManagerImpl.java:1055)"
kb-owl-syntax-unraveled-depth-0-km-relevant-cardinalities-disjointness-constant-classes-value-nominals.ofn,MIS_128,parse,FAIL,Identifier,"Problem parsing inputstream:ontology15931275138730 Could not parse ontology.  Either a suitable parser could not be found, or parsing failed.  See parser logs below for explanation. The following parsers were tried: 1) it.poliba.sisinflab.protocowl.ProtocOWLParser@6de45762   Detailed logs: -------------------------------------------------------------------------------- Parser: it.poliba.sisinflab.protocowl.ProtocOWLParser@6de45762     Stack trace: Identifier index out of bounds: 15        it.poliba.sisinflab.protocowl.Parser.getIdentifier(Parser.java:675)         it.poliba.sisinflab.protocowl.Parser.parseObjectPropertyExpression(Parser.java:586)         it.poliba.sisinflab.protocowl.Parser.parseClassExpression(Parser.java:535)         it.poliba.sisinflab.protocowl.Parser.parseClassAssertion(Parser.java:462)         it.poliba.sisinflab.protocowl.Parser.parseFrame(Parser.java:182)         it.poliba.sisinflab.protocowl.Parser.parse(Parser.java:45)         it.poliba.sisinflab.protocowl.ProtocOWLParser.parse(ProtocOWLParser.java:37)         uk.ac.manchester.cs.owl.owlapi.OWLOntologyFactoryImpl.loadOWLOntology(OWLOntologyFactoryImpl.java:195)         uk.ac.manchester.cs.owl.owlapi.OWLOntologyManagerImpl.load(OWLOntologyManagerImpl.java:1105)         uk.ac.manchester.cs.owl.owlapi.OWLOntologyManagerImpl.loadOntology(OWLOntologyManagerImpl.java:1055)"
kb-owl-syntax-unraveled-depth-0-km-relevant-cardinalities-disjointness-constant-classes-value-nominals.ofn,functional,render,OK,,
kb-owl-syntax-unraveled-depth-0-km-relevant-cardinalities-disjointness-constant-classes-value-nominals.ofn,std,parse,FAIL,Identifier,"Problem parsing inputstream:ontology15931275138729 Could not parse ontology.  Either a suitable parser could not be found, or parsing failed.  See parser logs below for explanation. The following parsers were tried: 1) it.poliba.sisinflab.protocowl.ProtocOWLParser@46abbdce   Detailed logs: -------------------------------------------------------------------------------- Parser: it.poliba.sisinflab.protocowl.ProtocOWLParser@46abbdce     Stack trace: Identifier index out of bounds: 15        it.poliba.sisinflab.protocowl.Parser.getIdentifier(Parser.java:675)         it.poliba.sisinflab.protocowl.Parser.parseObjectPropertyExpression(Parser.java:586)         it.poliba.sisinflab.protocowl.Parser.parseClassExpression(Parser.java:535)         it.poliba.sisinflab.protocowl.Parser.parseClassAssertion(Parser.java:462)         it.poliba.sisinflab.protocowl.Parser.parseFrame(Parser.java:182)         it.poliba.sisinflab.protocowl.Parser.parse(Parser.java:45)         it.poliba.sisinflab.protocowl.ProtocOWLParser.parse(ProtocOWLParser.java:37)         uk.ac.manchester.cs.owl.owlapi.OWLOntologyFactoryImpl.loadOWLOntology(OWLOntologyFactoryImpl.java:195)         uk.ac.manchester.cs.owl.owlapi.OWLOntologyManagerImpl.load(OWLOntologyManagerImpl.java:1105)         uk.ac.manchester.cs.owl.owlapi.OWLOntologyManagerImpl.loadOntology(OWLOntologyManagerImpl.java:1055)"
kb-owl-syntax-unraveled-depth-1-km-relevant-cardinalities-triggers-constant-classes-value-nominals.ofn,MIS_128,parse,FAIL,Identifier,"Problem parsing inputstream:ontology15931275138733 Could not parse ontology.  Either a suitable parser could not be found, or parsing failed.  See parser logs below for explanation. The following parsers were tried: 1) it.poliba.sisinflab.protocowl.ProtocOWLParser@27563791   Detailed logs: -------------------------------------------------------------------------------- Parser: it.poliba.sisinflab.protocowl.ProtocOWLParser@27563791     Stack trace: Identifier index out of bounds: 15        it.poliba.sisinflab.protocowl.Parser.getIdentifier(Parser.java:675)         it.poliba.sisinflab.protocowl.Parser.parseObjectPropertyExpression(Parser.java:586)         it.poliba.sisinflab.protocowl.Parser.parseClassExpression(Parser.java:535)         it.poliba.sisinflab.protocowl.Parser.parseClassAssertion(Parser.java:462)         it.poliba.sisinflab.protocowl.Parser.parseFrame(Parser.java:182)         it.poliba.sisinflab.protocowl.Parser.parse(Parser.java:45)         it.poliba.sisinflab.protocowl.ProtocOWLParser.parse(ProtocOWLParser.java:37)         uk.ac.manchester.cs.owl.owlapi.OWLOntologyFactoryImpl.loadOWLOntology(OWLOntologyFactoryImpl.java:195)         uk.ac.manchester.cs.owl.owlapi.OWLOntologyManagerImpl.load(OWLOntologyManagerImpl.java:1105)         uk.ac.manchester.cs.owl.owlapi.OWLOntologyManagerImpl.loadOntology(OWLOntologyManagerImpl.java:1055)"
kb-owl-syntax-unraveled-depth-1-km-relevant-cardinalities-triggers-constant-classes-value-nominals.ofn,functional,render,FAIL,OWLOntologyStorageException,"java.io.IOException: Espressione non supportata: DataHasValue(<http://www.projecthalo.com/aura#called> ""FA1""^^xsd:string)"
kb-owl-syntax-unraveled-depth-1-km-relevant-cardinalities-triggers-constant-classes-value-nominals.ofn,std,parse,FAIL,Identifier,"Problem parsing inputstream:ontology15931275138732 Could not parse ontology.  Either a suitable parser could not be found, or parsing failed.  See parser logs below for explanation. The following parsers were tried: 1) it.poliba.sisinflab.protocowl.ProtocOWLParser@2f38834a   Detailed logs: -------------------------------------------------------------------------------- Parser: it.poliba.sisinflab.protocowl.ProtocOWLParser@2f38834a     Stack trace: Identifier index out of bounds: 15        it.poliba.sisinflab.protocowl.Parser.getIdentifier(Parser.java:675)         it.poliba.sisinflab.protocowl.Parser.parseObjectPropertyExpression(Parser.java:586)         it.poliba.sisinflab.protocowl.Parser.parseClassExpression(Parser.java:535)         it.poliba.sisinflab.protocowl.Parser.parseClassAssertion(Parser.java:462)         it.poliba.sisinflab.protocowl.Parser.parseFrame(Parser.java:182)         it.poliba.sisinflab.protocowl.Parser.parse(Parser.java:45)         it.poliba.sisinflab.protocowl.ProtocOWLParser.parse(ProtocOWLParser.java:37)         uk.ac.manchester.cs.owl.owlapi.OWLOntologyFactoryImpl.loadOWLOntology(OWLOntologyFactoryImpl.java:195)         uk.ac.manchester.cs.owl.owlapi.OWLOntologyManagerImpl.load(OWLOntologyManagerImpl.java:1105)         uk.ac.manchester.cs.owl.owlapi.OWLOntologyManagerImpl.loadOntology(OWLOntologyManagerImpl.java:1055)"
kb-owl-syntax-unraveled-depth-1-triggers-constant-classes-value-classes.ofn,MIS_128,parse,FAIL,Identifier,"Problem parsing inputstream:ontology15931275138736 Could not parse ontology.  Either a suitable parser could not be found, or parsing failed.  See parser logs below for explanation. The following parsers were tried: 1) it.poliba.sisinflab.protocowl.ProtocOWLParser@64c7e05   Detailed logs: -------------------------------------------------------------------------------- Parser: it.poliba.sisinflab.protocowl.ProtocOWLParser@64c7e05     Stack trace: Identifier index out of bounds: 15        it.poliba.sisinflab.protocowl.Parser.getIdentifier(Parser.java:675)         it.poliba.sisinflab.protocowl.Parser.parseObjectPropertyExpression(Parser.java:586)         it.poliba.sisinflab.protocowl.Parser.parseClassExpression(Parser.java:535)         it.poliba.sisinflab.protocowl.Parser.parseClassAssertion(Parser.java:462)         it.poliba.sisinflab.protocowl.Parser.parseFrame(Parser.java:182)         it.poliba.sisinflab.protocowl.Parser.parse(Parser.java:45)         it.poliba.sisinflab.protocowl.ProtocOWLParser.parse(ProtocOWLParser.java:37)         uk.ac.manchester.cs.owl.owlapi.OWLOntologyFactoryImpl.loadOWLOntology(OWLOntologyFactoryImpl.java:195)         uk.ac.manchester.cs.owl.owlapi.OWLOntologyManagerImpl.load(OWLOntologyManagerImpl.java:1105)         uk.ac.manchester.cs.owl.owlapi.OWLOntologyManagerImpl.loadOntology(OWLOntologyManagerImpl.java:1055)"
kb-owl-syntax-unraveled-depth-1-triggers-constant-classes-value-classes.ofn,functional,render,FAIL,OWLOntologyStorageException,"java.io.IOException: Espressione non supportata: DataHasValue(<http://www.projecthalo.com/aura#called> ""FA1""^^xsd:string)"
kb-owl-syntax-unraveled-depth-1-triggers-constant-classes-value-classes.ofn,std,parse,FAIL,Identifier,"Problem parsing inputstream:ontology15931275138735 Could not parse ontology.  Either a suitable parser could not be found, or parsing failed.  See parser logs below for explanation. The following parsers were tried: 1) it.poliba.sisinflab.protocowl.ProtocOWLParser@34c3764f   Detailed logs: -------------------------------------------------------------------------------- Parser: it.poliba.sisinflab.protocowl.ProtocOWLParser@34c3764f     Stack trace: Identifier index out of bounds: 15        it.poliba.sisinflab.protocowl.Parser.getIdentifier(Parser.java:675)         it.poliba.sisinflab.protocowl.Parser.parseObjectPropertyExpression(Parser.java:586)         it.poliba.sisinflab.protocowl.Parser.parseClassExpression(Parser.java:535)         it.poliba.sisinflab.protocowl.Parser.parseClassAssertion(Parser.java:462)         it.poliba.sisinflab.protocowl.Parser.parseFrame(Parser.java:182)         it.poliba.sisinflab.protocowl.Parser.parse(Parser.java:45)         it.poliba.sisinflab.protocowl.ProtocOWLParser.parse(ProtocOWLParser.java:37)         uk.ac.manchester.cs.owl.owlapi.OWLOntologyFactoryImpl.loadOWLOntology(OWLOntologyFactoryImpl.java:195)         uk.ac.manchester.cs.owl.owlapi.OWLOntologyManagerImpl.load(OWLOntologyManagerImpl.java:1105)         uk.ac.manchester.cs.owl.owlapi.OWLOntologyManagerImpl.loadOntology(OWLOntologyManagerImpl.java:1055)"
kb-owl-syntax-unraveled-depth-2-km-relevant-cardinalities-disjointness-constant-classes-value-nominals.ofn,MIS_128,parse,FAIL,Identifier,"Problem parsing inputstream:ontology15931275138739 Could not parse ontology.  Either a suitable parser could not be found, or parsing failed.  See parser logs below for explanation. The following parsers were tried: 1) it.poliba.sisinflab.protocowl.ProtocOWLParser@6fe90977   Detailed logs: -------------------------------------------------------------------------------- Parser: it.poliba.sisinflab.protocowl.ProtocOWLParser@6fe90977     Stack trace: Identifier index out of bounds: 15        it.poliba.sisinflab.protocowl.Parser.getIdentifier(Parser.java:675)         it.poliba.sisinflab.protocowl.Parser.parseObjectPropertyExpression(Parser.java:586)         it.poliba.sisinflab.protocowl.Parser.parseClassExpression(Parser.java:535)         it.poliba.sisinflab.protocowl.Parser.parseClassAssertion(Parser.java:462)         it.poliba.sisinflab.protocowl.Parser.parseFrame(Parser.java:182)         it.poliba.sisinflab.protocowl.Parser.parse(Parser.java:45)         it.poliba.sisinflab.protocowl.ProtocOWLParser.parse(ProtocOWLParser.java:37)         uk.ac.manchester.cs.owl.owlapi.OWLOntologyFactoryImpl.loadOWLOntology(OWLOntologyFactoryImpl.java:195)         uk.ac.manchester.cs.owl.owlapi.OWLOntologyManagerImpl.load(OWLOntologyManagerImpl.java:1105)         uk.ac.manchester.cs.owl.owlapi.OWLOntologyManagerImpl.loadOntology(OWLOntologyManagerImpl.java:1055)"
kb-owl-syntax-unraveled-depth-2-km-relevant-cardinalities-disjointness-constant-classes-value-nominals.ofn,functional,render,FAIL,OWLOntologyStorageException,"java.io.IOException: Espressione non supportata: DataHasValue(<http://www.projecthalo.com/aura#the-cardinal-value> ""2.28""^^xsd:float)"
kb-owl-syntax-unraveled-depth-2-km-relevant-cardinalities-disjointness-constant-classes-value-nominals.ofn,std,parse,FAIL,Identifier,"Problem parsing inputstream:ontology15931275138738 Could not parse ontology.  Either a suitable parser could not be found, or parsing failed.  See parser logs below for explanation. The following parsers were tried: 1) it.poliba.sisinflab.protocowl.ProtocOWLParser@544ef02f   Detailed logs: -------------------------------------------------------------------------------- Parser: it.poliba.sisinflab.protocowl.ProtocOWLParser@544ef02f     Stack trace: Identifier index out of bounds: 15        it.poliba.sisinflab.protocowl.Parser.getIdentifier(Parser.java:675)         it.poliba.sisinflab.protocowl.Parser.parseObjectPropertyExpression(Parser.java:586)         it.poliba.sisinflab.protocowl.Parser.parseClassExpression(Parser.java:535)         it.poliba.sisinflab.protocowl.Parser.parseClassAssertion(Parser.java:462)         it.poliba.sisinflab.protocowl.Parser.parseFrame(Parser.java:182)         it.poliba.sisinflab.protocowl.Parser.parse(Parser.java:45)         it.poliba.sisinflab.protocowl.ProtocOWLParser.parse(ProtocOWLParser.java:37)         uk.ac.manchester.cs.owl.owlapi.OWLOntologyFactoryImpl.loadOWLOntology(OWLOntologyFactoryImpl.java:195)         uk.ac.manchester.cs.owl.owlapi.OWLOntologyManagerImpl.load(OWLOntologyManagerImpl.java:1105)         uk.ac.manchester.cs.owl.owlapi.OWLOntologyManagerImpl.loadOntology(OWLOntologyManagerImpl.java:1055)"
kb-owl-syntax-unraveled-depth-3-km-relevant-cardinalities-disjointness-triggers-constant-classes-value-nominals.ofn,MIS_128,parse,FAIL,Identifier,"Problem parsing inputstream:ontology15931275138742 Could not parse ontology.  Either a suitable parser could not be found, or parsing failed.  See parser logs below for explanation. The following parsers were tried: 1) it.poliba.sisinflab.protocowl.ProtocOWLParser@25b4ce8b   Detailed logs: -------------------------------------------------------------------------------- Parser: it.poliba.sisinflab.protocowl.ProtocOWLParser@25b4ce8b     Stack trace: Identifier index out of bounds: 15        it.poliba.sisinflab.protocowl.Parser.getIdentifier(Parser.java:675)         it.poliba.sisinflab.protocowl.Parser.parseObjectPropertyExpression(Parser.java:586)         it.poliba.sisinflab.protocowl.Parser.parseClassExpression(Parser.java:535)         it.poliba.sisinflab.protocowl.Parser.parseClassAssertion(Parser.java:462)         it.poliba.sisinflab.protocowl.Parser.parseFrame(Parser.java:182)         it.poliba.sisinflab.protocowl.Parser.parse(Parser.java:45)         it.poliba.sisinflab.protocowl.ProtocOWLParser.parse(ProtocOWLParser.java:37)         uk.ac.manchester.cs.owl.owlapi.OWLOntologyFactoryImpl.loadOWLOntology(OWLOntologyFactoryImpl.java:195)         uk.ac.manchester.cs.owl.owlapi.OWLOntologyManagerImpl.load(OWLOntologyManagerImpl.java:1105)         uk.ac.manchester.cs.owl.owlapi.OWLOntologyManagerImpl.loadOntology(OWLOntologyManagerImpl.java:1055)"
kb-owl-syntax-unraveled-depth-3-km-relevant-cardinalities-disjointness-triggers-constant-classes-value-nominals.ofn,functional,render,FAIL,OWLOntologyStorageException,"java.io.IOException: Espressione non supportata: DataHasValue(<http://www.projecthalo.com/aura#the-cardinal-value> ""207.0""^^xsd:float)"
kb-owl-syntax-unraveled-depth-3-km-relevant-cardinalities-disjointness-triggers-constant-classes-value-nominals.ofn,std,parse,FAIL,Identifier,"Problem parsing inputstream:ontology15931275138741 Could not parse ontology.  Either a suitable parser could not be found, or parsing failed.  See parser logs below for explanation. The following parsers were tried: 1) it.poliba.sisinflab.protocowl.ProtocOWLParser@e533eda   Detailed logs: -------------------------------------------------------------------------------- Parser: it.poliba.sisinflab.protocowl.ProtocOWLParser@e533eda     Stack trace: Identifier index out of bounds: 15        it.poliba.sisinflab.protocowl.Parser.getIdentifier(Parser.java:675)         it.poliba.sisinflab.protocowl.Parser.parseObjectPropertyExpression(Parser.java:586)         it.poliba.sisinflab.protocowl.Parser.parseClassExpression(Parser.java:535)         it.poliba.sisinflab.protocowl.Parser.parseClassAssertion(Parser.java:462)         it.poliba.sisinflab.protocowl.Parser.parseFrame(Parser.java:182)         it.poliba.sisinflab.protocowl.Parser.parse(Parser.java:45)         it.poliba.sisinflab.protocowl.ProtocOWLParser.parse(ProtocOWLParser.java:37)         uk.ac.manchester.cs.owl.owlapi.OWLOntologyFactoryImpl.loadOWLOntology(OWLOntologyFactoryImpl.java:195)         uk.ac.manchester.cs.owl.owlapi.OWLOntologyManagerImpl.load(OWLOntologyManagerImpl.java:1105)         uk.ac.manchester.cs.owl.owlapi.OWLOntologyManagerImpl.loadOntology(OWLOntologyManagerImpl.java:1055)"
kb-owl-syntax-unraveled-depth-3-triggers-constant-classes-value-classes.ofn,MIS_128,parse,FAIL,Identifier,"Problem parsing inputstream:ontology15931275138745 Could not parse ontology.  Either a suitable parser could not be found, or parsing failed.  See parser logs below for explanation. The following parsers were tried: 1) it.poliba.sisinflab.protocowl.ProtocOWLParser@1ac07b47   Detailed logs: -------------------------------------------------------------------------------- Parser: it.poliba.sisinflab.protocowl.ProtocOWLParser@1ac07b47     Stack trace: Identifier index out of bounds: 15        it.poliba.sisinflab.protocowl.Parser.getIdentifier(Parser.java:675)         it.poliba.sisinflab.protocowl.Parser.parseObjectPropertyExpression(Parser.java:586)         it.poliba.sisinflab.protocowl.Parser.parseClassExpression(Parser.java:535)         it.poliba.sisinflab.protocowl.Parser.parseClassAssertion(Parser.java:462)         it.poliba.sisinflab.protocowl.Parser.parseFrame(Parser.java:182)         it.poliba.sisinflab.protocowl.Parser.parse(Parser.java:45)         it.poliba.sisinflab.protocowl.ProtocOWLParser.parse(ProtocOWLParser.java:37)         uk.ac.manchester.cs.owl.owlapi.OWLOntologyFactoryImpl.loadOWLOntology(OWLOntologyFactoryImpl.java:195)         uk.ac.manchester.cs.owl.owlapi.OWLOntologyManagerImpl.load(OWLOntologyManagerImpl.java:1105)         uk.ac.manchester.cs.owl.owlapi.OWLOntologyManagerImpl.loadOntology(OWLOntologyManagerImpl.java:1055)"
kb-owl-syntax-unraveled-depth-3-triggers-constant-classes-value-classes.ofn,functional,render,FAIL,OWLOntologyStorageException,"java.io.IOException: Espressione non supportata: DataHasValue(<http://www.projecthalo.com/aura#value> ""*elastic""^^xsd:string)"
kb-owl-syntax-unraveled-depth-3-triggers-constant-classes-value-classes.ofn,std,parse,FAIL,Identifier,"Problem parsing inputstream:ontology15931275138744 Could not parse ontology.  Either a suitable parser could not be found, or parsing failed.  See parser logs below for explanation. The following parsers were tried: 1) it.poliba.sisinflab.protocowl.ProtocOWLParser@7d167622   Detailed logs: -------------------------------------------------------------------------------- Parser: it.poliba.sisinflab.protocowl.ProtocOWLParser@7d167622     Stack trace: Identifier index out of bounds: 15        it.poliba.sisinflab.protocowl.Parser.getIdentifier(Parser.java:675)         it.poliba.sisinflab.protocowl.Parser.parseObjectPropertyExpression(Parser.java:586)         it.poliba.sisinflab.protocowl.Parser.parseClassExpression(Parser.java:535)         it.poliba.sisinflab.protocowl.Parser.parseClassAssertion(Parser.java:462)         it.poliba.sisinflab.protocowl.Parser.parseFrame(Parser.java:182)         it.poliba.sisinflab.protocowl.Parser.parse(Parser.java:45)         it.poliba.sisinflab.protocowl.ProtocOWLParser.parse(ProtocOWLParser.java:37)         uk.ac.manchester.cs.owl.owlapi.OWLOntologyFactoryImpl.loadOWLOntology(OWLOntologyFactoryImpl.java:195)         uk.ac.manchester.cs.owl.owlapi.OWLOntologyManagerImpl.load(OWLOntologyManagerImpl.java:1105)         uk.ac.manchester.cs.owl.owlapi.OWLOntologyManagerImpl.loadOntology(OWLOntologyManagerImpl.java:1055)"
kb-owl-syntax-unraveled-depth-4-disjointness-triggers-constant-classes-value-nominals.ofn,MIS_128,parse,FAIL,Identifier,"Problem parsing inputstream:ontology15931275138748 Could not parse ontology.  Either a suitable parser could not be found, or parsing failed.  See parser logs below for explanation. The following parsers were tried: 1) it.poliba.sisinflab.protocowl.ProtocOWLParser@ede829b   Detailed logs: -------------------------------------------------------------------------------- Parser: it.poliba.sisinflab.protocowl.ProtocOWLParser@ede829b     Stack trace: Identifier index out of bounds: 15        it.poliba.sisinflab.protocowl.Parser.getIdentifier(Parser.java:675)         it.poliba.sisinflab.protocowl.Parser.parseObjectPropertyExpression(Parser.java:586)         it.poliba.sisinflab.protocowl.Parser.parseClassExpression(Parser.java:535)         it.poliba.sisinflab.protocowl.Parser.parseClassAssertion(Parser.java:462)         it.poliba.sisinflab.protocowl.Parser.parseFrame(Parser.java:182)         it.poliba.sisinflab.protocowl.Parser.parse(Parser.java:45)         it.poliba.sisinflab.protocowl.ProtocOWLParser.parse(ProtocOWLParser.java:37)         uk.ac.manchester.cs.owl.owlapi.OWLOntologyFactoryImpl.loadOWLOntology(OWLOntologyFactoryImpl.java:195)         uk.ac.manchester.cs.owl.owlapi.OWLOntologyManagerImpl.load(OWLOntologyManagerImpl.java:1105)         uk.ac.manchester.cs.owl.owlapi.OWLOntologyManagerImpl.loadOntology(OWLOntologyManagerImpl.java:1055)"
kb-owl-syntax-unraveled-depth-4-disjointness-triggers-constant-classes-value-nominals.ofn,functional,render,FAIL,OWLOntologyStorageException,"java.io.IOException: Espressione non supportata: DataHasValue(<http://www.projecthalo.com/aura#the-cardinal-value> ""1.0""^^xsd:float)"
kb-owl-syntax-unraveled-depth-4-disjointness-triggers-constant-classes-value-nominals.ofn,std,parse,FAIL,Identifier,"Problem parsing inputstream:ontology15931275138747 Could not parse ontology.  Either a suitable parser could not be found, or parsing failed.  See parser logs below for explanation. The following parsers were tried: 1) it.poliba.sisinflab.protocowl.ProtocOWLParser@67db8fe2   Detailed logs: -------------------------------------------------------------------------------- Parser: it.poliba.sisinflab.protocowl.ProtocOWLParser@67db8fe2     Stack trace: Identifier index out of bounds: 15        it.poliba.sisinflab.protocowl.Parser.getIdentifier(Parser.java:675)         it.poliba.sisinflab.protocowl.Parser.parseObjectPropertyExpression(Parser.java:586)         it.poliba.sisinflab.protocowl.Parser.parseClassExpression(Parser.java:535)         it.poliba.sisinflab.protocowl.Parser.parseClassAssertion(Parser.java:462)         it.poliba.sisinflab.protocowl.Parser.parseFrame(Parser.java:182)         it.poliba.sisinflab.protocowl.Parser.parse(Parser.java:45)         it.poliba.sisinflab.protocowl.ProtocOWLParser.parse(ProtocOWLParser.java:37)         uk.ac.manchester.cs.owl.owlapi.OWLOntologyFactoryImpl.loadOWLOntology(OWLOntologyFactoryImpl.java:195)         uk.ac.manchester.cs.owl.owlapi.OWLOntologyManagerImpl.load(OWLOntologyManagerImpl.java:1105)         uk.ac.manchester.cs.owl.owlapi.OWLOntologyManagerImpl.loadOntology(OWLOntologyManagerImpl.java:1055)"
kb-owl-syntax-unraveled-depth-4-km-relevant-cardinalities-disjointness-triggers-constant-classes-value-classes.ofn,MIS_128,parse,FAIL,Identifier,"Problem parsing inputstream:ontology15931275138751 Could not parse ontology.  Either a suitable parser could not be found, or parsing failed.  See parser logs below for explanation. The following parsers were tried: 1) it.poliba.sisinflab.protocowl.ProtocOWLParser@e61328f   Detailed logs: -------------------------------------------------------------------------------- Parser: it.poliba.sisinflab.protocowl.ProtocOWLParser@e61328f     Stack trace: Identifier index out of bounds: 15        it.poliba.sisinflab.protocowl.Parser.getIdentifier(Parser.java:675)         it.poliba.sisinflab.protocowl.Parser.parseObjectPropertyExpression(Parser.java:586)         it.poliba.sisinflab.protocowl.Parser.parseClassExpression(Parser.java:535)         it.poliba.sisinflab.protocowl.Parser.parseClassAssertion(Parser.java:462)         it.poliba.sisinflab.protocowl.Parser.parseFrame(Parser.java:182)         it.poliba.sisinflab.protocowl.Parser.parse(Parser.java:45)         it.poliba.sisinflab.protocowl.ProtocOWLParser.parse(ProtocOWLParser.java:37)         uk.ac.manchester.cs.owl.owlapi.OWLOntologyFactoryImpl.loadOWLOntology(OWLOntologyFactoryImpl.java:195)         uk.ac.manchester.cs.owl.owlapi.OWLOntologyManagerImpl.load(OWLOntologyManagerImpl.java:1105)         uk.ac.manchester.cs.owl.owlapi.OWLOntologyManagerImpl.loadOntology(OWLOntologyManagerImpl.java:1055)"
kb-owl-syntax-unraveled-depth-4-km-relevant-cardinalities-disjointness-triggers-constant-classes-value-classes.ofn,functional,render,FAIL,OWLOntologyStorageException,"java.io.IOException: Espressione non supportata: DataHasValue(<http://www.projecthalo.com/aura#the-cardinal-value> ""1.3""^^xsd:float)"
kb-owl-syntax-unraveled-depth-4-km-relevant-cardinalities-disjointness-triggers-constant-classes-value-classes.ofn,std,parse,FAIL,Identifier,"Problem parsing inputstream:ontology15931275138750 Could not parse ontology.  Either a suitable parser could not be found, or parsing failed.  See parser logs below for explanation. The following parsers were tried: 1) it.poliba.sisinflab.protocowl.ProtocOWLParser@774c54bf   Detailed logs: -------------------------------------------------------------------------------- Parser: it.poliba.sisinflab.protocowl.ProtocOWLParser@774c54bf     Stack trace: Identifier index out of bounds: 15        it.poliba.sisinflab.protocowl.Parser.getIdentifier(Parser.java:675)         it.poliba.sisinflab.protocowl.Parser.parseObjectPropertyExpression(Parser.java:586)         it.poliba.sisinflab.protocowl.Parser.parseClassExpression(Parser.java:535)         it.poliba.sisinflab.protocowl.Parser.parseClassAssertion(Parser.java:462)         it.poliba.sisinflab.protocowl.Parser.parseFrame(Parser.java:182)         it.poliba.sisinflab.protocowl.Parser.parse(Parser.java:45)         it.poliba.sisinflab.protocowl.ProtocOWLParser.parse(ProtocOWLParser.java:37)         uk.ac.manchester.cs.owl.owlapi.OWLOntologyFactoryImpl.loadOWLOntology(OWLOntologyFactoryImpl.java:195)         uk.ac.manchester.cs.owl.owlapi.OWLOntologyManagerImpl.load(OWLOntologyManagerImpl.java:1105)         uk.ac.manchester.cs.owl.owlapi.OWLOntologyManagerImpl.loadOntology(OWLOntologyManagerImpl.java:1055)"
ntdo.neglected-tropical-disease-ontology.1.owl.xml,MIS_128,parse,FAIL,Identifier,"Problem parsing inputstream:ontology15931275138754 Could not parse ontology.  Either a suitable parser could not be found, or parsing failed.  See parser logs below for explanation. The following parsers were tried: 1) it.poliba.sisinflab.protocowl.ProtocOWLParser@aad1550   Detailed logs: -------------------------------------------------------------------------------- Parser: it.poliba.sisinflab.protocowl.ProtocOWLParser@aad1550     Stack trace: Identifier index out of bounds: 110        it.poliba.sisinflab.protocowl.Parser.getIdentifier(Parser.java:675)         it.poliba.sisinflab.protocowl.Parser.parseObjectPropertyExpression(Parser.java:586)         it.poliba.sisinflab.protocowl.Parser.parseClassExpression(Parser.java:570)         it.poliba.sisinflab.protocowl.Parser.parseClassAssertion(Parser.java:462)         it.poliba.sisinflab.protocowl.Parser.parseFrame(Parser.java:182)         it.poliba.sisinflab.protocowl.Parser.parse(Parser.java:45)         it.poliba.sisinflab.protocowl.ProtocOWLParser.parse(ProtocOWLParser.java:37)         uk.ac.manchester.cs.owl.owlapi.OWLOntologyFactoryImpl.loadOWLOntology(OWLOntologyFactoryImpl.java:195)         uk.ac.manchester.cs.owl.owlapi.OWLOntologyManagerImpl.load(OWLOntologyManagerImpl.java:1105)         uk.ac.manchester.cs.owl.owlapi.OWLOntologyManagerImpl.loadOntology(OWLOntologyManagerImpl.java:1055)"
ntdo.neglected-tropical-disease-ontology.1.owl.xml,functional,render,OK,,
ntdo.neglected-tropical-disease-ontology.1.owl.xml,std,parse,FAIL,Identifier,"Problem parsing inputstream:ontology15931275138753 Could not parse ontology.  Either a suitable parser could not be found, or parsing failed.  See parser logs below for explanation. The following parsers were tried: 1) it.poliba.sisinflab.protocowl.ProtocOWLParser@2bd11641   Detailed logs: -------------------------------------------------------------------------------- Parser: it.poliba.sisinflab.protocowl.ProtocOWLParser@2bd11641     Stack trace: Identifier index out of bounds: 110        it.poliba.sisinflab.protocowl.Parser.getIdentifier(Parser.java:675)         it.poliba.sisinflab.protocowl.Parser.parseObjectPropertyExpression(Parser.java:586)         it.poliba.sisinflab.protocowl.Parser.parseClassExpression(Parser.java:570)         it.poliba.sisinflab.protocowl.Parser.parseClassAssertion(Parser.java:462)         it.poliba.sisinflab.protocowl.Parser.parseFrame(Parser.java:182)         it.poliba.sisinflab.protocowl.Parser.parse(Parser.java:45)         it.poliba.sisinflab.protocowl.ProtocOWLParser.parse(ProtocOWLParser.java:37)         uk.ac.manchester.cs.owl.owlapi.OWLOntologyFactoryImpl.loadOWLOntology(OWLOntologyFactoryImpl.java:195)         uk.ac.manchester.cs.owl.owlapi.OWLOntologyManagerImpl.load(OWLOntologyManagerImpl.java:1105)         uk.ac.manchester.cs.owl.owlapi.OWLOntologyManagerImpl.loadOntology(OWLOntologyManagerImpl.java:1055)"
syn.sage-bionetworks-synapse-ontology.3.owl.xml,MIS_128,parse,FAIL,Identifier,"Problem parsing inputstream:ontology15931275138757 Could not parse ontology.  Either a suitable parser could not be found, or parsing failed.  See parser logs below for explanation. The following parsers were tried: 1) it.poliba.sisinflab.protocowl.ProtocOWLParser@69746ef4   Detailed logs: -------------------------------------------------------------------------------- Parser: it.poliba.sisinflab.protocowl.ProtocOWLParser@69746ef4     Stack trace: Identifier index out of bounds: 15        it.poliba.sisinflab.protocowl.Parser.getIdentifier(Parser.java:675)         it.poliba.sisinflab.protocowl.Parser.parseObjectPropertyExpression(Parser.java:586)         it.poliba.sisinflab.protocowl.Parser.parseClassExpression(Parser.java:535)         it.poliba.sisinflab.protocowl.Parser.parseClassAssertion(Parser.java:462)         it.poliba.sisinflab.protocowl.Parser.parseFrame(Parser.java:182)         it.poliba.sisinflab.protocowl.Parser.parse(Parser.java:45)         it.poliba.sisinflab.protocowl.ProtocOWLParser.parse(ProtocOWLParser.java:37)         uk.ac.manchester.cs.owl.owlapi.OWLOntologyFactoryImpl.loadOWLOntology(OWLOntologyFactoryImpl.java:195)         uk.ac.manchester.cs.owl.owlapi.OWLOntologyManagerImpl.load(OWLOntologyManagerImpl.java:1105)         uk.ac.manchester.cs.owl.owlapi.OWLOntologyManagerImpl.loadOntology(OWLOntologyManagerImpl.java:1055)"
syn.sage-bionetworks-synapse-ontology.3.owl.xml,functional,render,OK,,
syn.sage-bionetworks-synapse-ontology.3.owl.xml,std,parse,FAIL,Identifier,"Problem parsing inputstream:ontology15931275138756 Could not parse ontology.  Either a suitable parser could not be found, or parsing failed.  See parser logs below for explanation. The following parsers were tried: 1) it.poliba.sisinflab.protocowl.ProtocOWLParser@50f9944a   Detailed logs: -------------------------------------------------------------------------------- Parser: it.poliba.sisinflab.protocowl.ProtocOWLParser@50f9944a     Stack trace: Identifier index out of bounds: 15        it.poliba.sisinflab.protocowl.Parser.getIdentifier(Parser.java:675)         it.poliba.sisinflab.protocowl.Parser.parseObjectPropertyExpression(Parser.java:586)         it.poliba.sisinflab.protocowl.Parser.parseClassExpression(Parser.java:535)         it.poliba.sisinflab.protocowl.Parser.parseClassAssertion(Parser.java:462)         it.poliba.sisinflab.protocowl.Parser.parseFrame(Parser.java:182)         it.poliba.sisinflab.protocowl.Parser.parse(Parser.java:45)         it.poliba.sisinflab.protocowl.ProtocOWLParser.parse(ProtocOWLParser.java:37)         uk.ac.manchester.cs.owl.owlapi.OWLOntologyFactoryImpl.loadOWLOntology(OWLOntologyFactoryImpl.java:195)         uk.ac.manchester.cs.owl.owlapi.OWLOntologyManagerImpl.load(OWLOntologyManagerImpl.java:1105)         uk.ac.manchester.cs.owl.owlapi.OWLOntologyManagerImpl.loadOntology(OWLOntologyManagerImpl.java:1055)"
